tconst,primaryTitle,startYear,endYear,rank,averageRating,numVotes,genres,Genre,Runtime
tt0903747,Breaking Bad,2008,2013.0,1,9.5,2337473,"Crime, Drama, Thriller","Crime, Drama, Thriller",49.0
tt0185906,Band of Brothers,2001,2001.0,2,9.4,563157,"Action, Drama, History","Action, Drama, History",594.0
tt7366338,Chernobyl,2019,2019.0,3,9.3,952320,"Drama, History, Thriller","Drama, History, Thriller",330.0
tt0795176,Planet Earth,2006,2006.0,4,9.4,227650,"Documentary, Family","Documentary, Family",538.0
tt5491994,Planet Earth II,2016,2016.0,5,9.4,166791,Documentary,Documentary,298.0
tt0944947,Game of Thrones,2011,2019.0,6,9.2,2438265,"Action, Adventure, Drama","Action, Adventure, Drama",57.0
tt0141842,The Sopranos,1999,2007.0,7,9.2,526548,"Crime, Drama","Crime, Drama",55.0
tt0417299,Avatar: The Last Airbender,2005,2008.0,8,9.3,407287,"Action, Adventure, Animation","Animation, Action, Adventure",23.0
tt0306414,The Wire,2002,2008.0,9,9.3,404134,"Crime, Drama, Thriller","Crime, Drama, Thriller",59.0
tt2861424,Rick and Morty,2013,2013.0,10,9.1,651993,"Adventure, Animation, Comedy","Animation, Adventure, Comedy",23.0
tt2560140,Attack on Titan,2013,2023.0,11,9.1,613850,"Action, Adventure, Animation","Animation, Action, Adventure",24.0
tt14392248,Aspirants,2021,2021.0,12,9.2,315725,Drama,Drama,3.0
tt12392504,Scam 1992: The Harshad Mehta Story,2020,2020.0,13,9.2,165003,"Biography, Crime, Drama","Biography, Crime, Drama",40.0
tt2395695,Cosmos: A Spacetime Odyssey,2014,2014.0,14,9.2,134282,Documentary,Documentary,557.0
tt1475582,Sherlock,2010,2017.0,15,9.0,1049668,"Crime, Drama, Mystery","Crime, Drama, Mystery",88.0
tt0386676,The Office,2005,2013.0,16,9.0,777275,Comedy,Comedy,22.0
tt0386676,The Office,2005,2013.0,16,9.0,777275,Comedy,Comedy,22.0
tt3032476,Better Call Saul,2015,2022.0,17,9.0,734755,"Crime, Drama","Crime, Drama",46.0
tt11126994,Arcane,2021,2024.0,18,9.0,397162,"Action, Adventure, Animation","Animation, Action, Adventure",40.0
tt1355642,Fullmetal Alchemist: Brotherhood,2009,2010.0,19,9.1,222068,"Action, Adventure, Animation","Animation, Action, Adventure",54.0
tt6769208,Blue Planet II,2017,2017.0,20,9.3,51966,Documentary,Documentary,364.0
tt0108778,Friends,1994,2004.0,21,8.9,1146167,"Comedy, Romance","Comedy, Romance",22.0
tt2356777,True Detective,2014,2014.0,22,8.9,704586,"Crime, Drama, Mystery","Crime, Drama, Mystery",55.0
tt0877057,Death Note,2006,2007.0,23,8.9,427384,"Animation, Crime, Drama","Animation, Crime, Drama",24.0
tt0098904,Seinfeld,1989,1998.0,24,8.9,369423,Comedy,Comedy,22.0
tt0388629,One Piece,1999,1999.0,25,9.0,298965,"Action, Adventure, Animation","Animation, Action, Adventure",24.0
tt0388629,One Piece,1999,1999.0,25,9.0,298965,"Action, Adventure, Animation","Animation, Action, Adventure",24.0
tt8420184,The Last Dance,2020,2020.0,26,9.0,167105,"Biography, Documentary, History","Documentary, Biography, History",491.0
tt2098220,Hunter x Hunter,2011,2014.0,27,9.0,164900,"Action, Adventure, Animation","Animation, Action, Adventure",24.0
tt0103359,Batman: The Animated Series,1992,1995.0,28,9.0,127431,"Action, Adventure, Animation","Animation, Action, Adventure",23.0
tt4742876,TVF Pitchers,2015,2022.0,29,9.1,75639,"Comedy, Drama","Comedy, Drama",40.0
tt9253866,Our Planet,2019,2023.0,30,9.2,56953,Documentary,Documentary,403.0
tt0081846,Cosmos,1980,1980.0,31,9.3,48042,Documentary,Documentary,780.0
tt7678620,Bluey,2018,2018.0,32,9.3,38823,"Animation, Family","Animation, Family",7.0
tt2802850,Fargo,2014,2024.0,33,8.8,445440,"Crime, Drama, Thriller","Crime, Drama, Thriller",98.0
tt10986410,Ted Lasso,2020,2020.0,34,8.8,402377,"Comedy, Drama, Sport","Comedy, Drama, Sport",30.0
tt7660850,Succession,2018,2023.0,35,8.8,318587,"Comedy, Drama","Comedy, Drama",60.0
tt0303461,Firefly,2002,2003.0,36,8.9,291144,"Adventure, Drama, Sci-Fi","Adventure, Drama, Sci-Fi",44.0
tt1865718,Gravity Falls,2012,2016.0,37,8.9,157607,"Adventure, Animation, Comedy","Animation, Adventure, Comedy",23.0
tt0213338,Cowboy Bebop,1998,1999.0,38,8.9,154492,"Action, Adventure, Animation","Animation, Action, Adventure",24.0
tt0052520,The Twilight Zone,1959,1964.0,39,9.0,100796,"Drama, Fantasy, Horror","Drama, Fantasy, Horror",51.0
tt1831164,Leyla and Mecnun,2011,2023.0,40,9.0,99824,"Adventure, Comedy, Drama","Adventure, Comedy, Drama",80.0
tt9432978,Kota Factory,2019,2021.0,41,9.0,88049,"Comedy, Drama","Comedy, Drama",45.0
tt10541088,Clarkson's Farm,2021,2021.0,42,9.0,72754,"Comedy, Documentary, Reality-TV","Documentary, Comedy, Reality-TV",2.0
tt5622316,The Chosen,2017,2017.0,43,9.1,58483,"Drama, History","Drama, History",40.0
tt1533395,Life,2009,2009.0,44,9.1,45817,Documentary,"Horror, Sci-Fi, Thriller",104.0
tt1533395,Life,2009,2009.0,44,9.1,45817,Documentary,"Horror, Sci-Fi, Thriller",104.0
tt2442560,Peaky Blinders,2013,2022.0,45,8.7,713664,"Crime, Drama","Crime, Drama",60.0
tt2085059,Black Mirror,2011,2011.0,46,8.7,696059,"Crime, Drama, Mystery","Crime, Drama, Mystery",60.0
tt0412142,House,2004,2012.0,47,8.7,560156,"Drama, Mystery","Drama, Mystery",44.0
tt2707408,Narcos,2015,2017.0,48,8.7,502174,"Biography, Crime, Drama","Biography, Crime, Drama",49.0
tt5753856,Dark,2017,2020.0,49,8.7,493293,"Crime, Drama, Mystery","Crime, Drama, Mystery",60.0
tt0121955,South Park,1997,1997.0,50,8.7,423304,"Animation, Comedy","Animation, Comedy",22.0
tt11280740,Severance,2022,2022.0,51,8.7,320260,"Drama, Mystery, Sci-Fi","Drama, Mystery, Sci-Fi",40.0
tt0472954,It's Always Sunny in Philadelphia,2005,2005.0,52,8.8,266515,Comedy,Comedy,22.0
tt3398228,BoJack Horseman,2014,2020.0,53,8.8,210983,"Animation, Comedy, Drama","Animation, Comedy, Drama",25.0
tt0214341,Dragon Ball Z,1996,2003.0,54,8.8,162910,"Action, Adventure, Animation","Animation, Action, Adventure",17.0
tt0214341,Dragon Ball Z,1996,2003.0,54,8.8,162910,"Action, Adventure, Animation","Animation, Action, Adventure",17.0
tt0193676,Freaks and Geeks,1999,2000.0,55,8.8,160027,"Comedy, Drama","Comedy, Drama",44.0
tt0264235,Curb Your Enthusiasm,2000,2024.0,56,8.8,157508,Comedy,Comedy,28.0
tt7137906,When They See Us,2019,2019.0,57,8.8,148457,"Biography, Crime, Drama","Biography, Crime, Drama",296.0
tt14650074,Dhindora,2021,2021.0,58,8.8,123915,"Comedy, Drama","Comedy, Drama",40.0
tt0072500,Fawlty Towers,1975,1979.0,59,8.8,105272,Comedy,Comedy,1.0
tt10233448,Vinland Saga,2019,2023.0,60,8.8,101575,"Action, Adventure, Animation","Animation, Action, Adventure",24.0
tt3530232,Last Week Tonight with John Oliver,2014,2014.0,61,8.8,100094,"Comedy, News, Talk-Show","Comedy, News, Talk-Show",30.0
tt0112130,Pride and Prejudice,1995,1995.0,62,8.8,98375,"Drama, Romance","Drama, Romance",327.0
tt0121220,Dragon Ball Z,1989,1996.0,63,8.8,96514,"Action, Adventure, Animation","Animation, Action, Adventure",17.0
tt0121220,Dragon Ball Z,1989,1996.0,63,8.8,96514,"Action, Adventure, Animation","Animation, Action, Adventure",17.0
tt0200276,The West Wing,1999,2006.0,64,8.9,92072,Drama,Drama,1.0
tt14986406,Bleach: Thousand-Year Blood War,2022,2022.0,65,9.0,61518,"Action, Adventure, Animation","Animation, Action, Adventure",40.0
tt0081912,Only Fools and Horses,1981,2003.0,66,9.0,60881,Comedy,Comedy,58.0
tt7920978,Persona,2018,2024.0,67,9.0,51827,"Crime, Drama, Mystery","Drama, Thriller",83.0
tt0296310,The Blue Planet,2001,2001.0,68,9.0,45835,Documentary,Documentary,389.0
tt21279678,NCR Days,2022,2022.0,69,9.0,44484,Drama,Drama,40.0
tt0071075,The World at War,1973,1974.0,70,9.2,33135,"Documentary, History, War","Documentary, History, War",52.0
tt4574334,Stranger Things,2016,2025.0,71,8.6,1449369,"Drama, Fantasy, Horror","Drama, Fantasy, Horror",51.0
tt0773262,Dexter,2006,2013.0,72,8.6,846530,"Crime, Drama, Mystery","Crime, Drama, Mystery",53.0
tt1190634,The Boys,2019,2019.0,73,8.6,779732,"Action, Comedy, Crime","Action, Comedy, Crime",31.0
tt3581920,The Last of Us,2023,2023.0,74,8.6,666756,"Action, Adventure, Drama","Action, Adventure, Drama",18.0
tt8111088,The Mandalorian,2019,2019.0,75,8.6,626892,"Action, Adventure, Fantasy","Action, Adventure, Fantasy",40.0
tt1856010,House of Cards,2013,2018.0,76,8.6,547369,Drama,Drama,51.0
tt1856010,House of Cards,2013,2018.0,76,8.6,547369,Drama,Drama,51.0
tt3322312,Daredevil,2015,2018.0,77,8.6,506776,"Action, Crime, Drama","Action, Crime, Drama",54.0
tt0096697,The Simpsons,1989,1989.0,78,8.6,454082,"Animation, Comedy","Animation, Comedy",22.0
tt5290382,Mindhunter,2017,2019.0,79,8.6,368440,"Crime, Drama, Mystery","Crime, Drama, Mystery",60.0
tt0367279,Arrested Development,2003,2019.0,80,8.6,335096,Comedy,Comedy,22.0
tt1266020,Parks and Recreation,2009,2015.0,81,8.6,303359,Comedy,Comedy,22.0
tt4236770,Yellowstone,2018,2024.0,82,8.6,276791,"Drama, Western","Drama, Western",60.0
tt6741278,Invincible,2021,2021.0,83,8.7,276595,"Action, Adventure, Animation","Animation, Action, Adventure",40.0
tt0804503,Mad Men,2007,2015.0,84,8.7,275686,Drama,Drama,47.0
tt4786824,The Crown,2016,2023.0,85,8.6,270641,"Biography, Drama, History","Biography, Drama, History",58.0
tt1606375,Downton Abbey,2010,2015.0,86,8.7,235073,"Drama, Romance","Drama, Romance",58.0
tt0098936,Twin Peaks,1990,1991.0,87,8.7,232140,"Crime, Drama, Mystery","Crime, Drama, Mystery",1.0
tt0098936,Twin Peaks,1990,1991.0,87,8.7,232140,"Crime, Drama, Mystery","Crime, Drama, Mystery",1.0
tt5687612,Fleabag,2016,2019.0,88,8.7,227835,"Comedy, Drama","Comedy, Drama",27.0
tt4508902,One Punch Man,2015,2015.0,89,8.7,202458,"Action, Animation, Comedy","Animation, Action, Comedy",24.0
tt0988824,Naruto: Shippuden,2007,2017.0,90,8.7,198856,"Action, Adventure, Animation","Animation, Action, Adventure",24.0
tt0384766,Rome,2005,2007.0,91,8.7,195384,"Action, Drama, Romance","Action, Drama, Romance",52.0
tt0407362,Battlestar Galactica,2004,2009.0,92,8.7,182433,"Action, Adventure, Drama","Action, Adventure, Drama",44.0
tt0407362,Battlestar Galactica,2004,2009.0,92,8.7,182433,"Action, Adventure, Drama","Action, Adventure, Drama",44.0
tt5555260,This Is Us,2016,2022.0,93,8.7,168283,"Comedy, Drama, Romance","Comedy, Drama, Romance",45.0
tt0248654,Six Feet Under,2001,2005.0,94,8.7,159155,"Comedy, Drama","Comedy, Drama",55.0
tt5788792,The Marvelous Mrs. Maisel,2017,2023.0,95,8.7,151321,"Comedy, Drama","Comedy, Drama",57.0
tt0092455,Star Trek: The Next Generation,1987,1994.0,96,8.7,144023,"Action, Adventure, Drama","Action, Adventure, Drama",44.0
tt13991232,1883,2021,2022.0,97,8.7,143695,"Drama, Western","Drama, Western",40.0
tt1628033,Top Gear,2002,2022.0,98,8.7,132694,"Adventure, Comedy, Sport","Adventure, Sport, Talk-Show",1.0
tt1628033,Top Gear,2002,2022.0,98,8.7,132694,"Adventure, Comedy, Sport","Adventure, Sport, Talk-Show",1.0
tt0118421,Oz,1997,2003.0,99,8.7,112461,"Crime, Drama, Thriller","Crime, Drama, Thriller",31.0
tt9544034,The Family Man,2019,2019.0,100,8.7,104194,"Action, Comedy, Drama","Comedy, Drama, Fantasy",125.0
tt0286486,The Shield,2002,2008.0,101,8.7,93227,"Crime, Drama, Thriller","Crime, Drama, Thriller",47.0
tt13309742,Blue Eye Samurai,2023,2023.0,102,8.7,91767,"Action, Adventure, Animation","Animation, Action, Adventure",40.0
tt0994314,Code Geass,2006,2008.0,103,8.7,91561,"Action, Animation, Drama","Animation, Action, Drama",24.0
tt5712554,The Grand Tour,2016,2024.0,104,8.7,90971,"Comedy, Sport, Talk-Show","Comedy, Sport, Talk-Show",2.0
tt1910272,Steins;Gate,2011,2015.0,105,8.8,83159,"Animation, Comedy, Drama","Animation, Comedy, Drama",24.0
tt0063929,Monty Python's Flying Circus,1969,1974.0,106,8.8,82598,Comedy,Comedy,31.0
tt0353049,Chappelle's Show,2003,2006.0,107,8.8,76217,"Comedy, Music","Comedy, Music",22.0
tt0096548,Blackadder Goes Forth,1989,1989.0,108,8.8,60589,"Comedy, War","Comedy, War",175.0
tt31938062,The Pitt,2025,2025.0,109,8.9,49487,Drama,Drama,40.0
tt2297757,Nathan for You,2013,2017.0,110,8.9,43902,"Comedy, Documentary","Documentary, Comedy",30.0
tt22248376,Frieren: Beyond Journey's End,2023,2023.0,111,8.9,42819,"Adventure, Animation, Comedy","Animation, Adventure, Comedy",40.0
tt2092588,Frozen Planet,2011,2012.0,112,9.0,35741,Documentary,Documentary,333.0
tt1877514,The Vietnam War,2017,2017.0,113,9.1,31563,"Documentary, History, War","Documentary, History, War",990.0
tt1806234,Human Planet,2011,2011.0,114,9.0,29982,Documentary,Documentary,50.0
tt10530900,Gullak,2019,2019.0,115,9.1,26491,"Comedy, Drama, Family","Comedy, Drama, Family",24.0
tt9471962,Halka,2019,2019.0,116,9.1,25829,"Action, Crime, Drama","Action, Crime, Drama",120.0
tt10048342,The Queen's Gambit,2020,2020.0,117,8.5,619347,Drama,Drama,395.0
tt2306299,Vikings,2013,2020.0,118,8.5,618262,"Action, Adventure, Drama","Action, Adventure, Drama",44.0
tt1442437,Modern Family,2009,2020.0,119,8.5,517038,"Comedy, Drama, Romance","Comedy, Drama, Romance",22.0
tt4158110,Mr. Robot,2015,2019.0,120,8.5,441963,"Crime, Drama, Thriller","Crime, Drama, Thriller",49.0
tt5071412,Ozark,2017,2022.0,121,8.5,370925,"Crime, Drama, Thriller","Crime, Drama, Thriller",60.0
tt1124373,Sons of Anarchy,2008,2014.0,122,8.5,340734,"Crime, Drama, Thriller","Crime, Drama, Thriller",45.0
tt1586680,Shameless,2011,2021.0,123,8.5,311872,"Comedy, Drama","Comedy, Drama",46.0
tt6763664,The Haunting of Hill House,2018,2018.0,124,8.5,310524,"Drama, Horror, Mystery","Drama, Horror, Mystery",572.0
tt1439629,Community,2009,2015.0,125,8.5,303722,Comedy,Comedy,22.0
tt2243973,Hannibal,2013,2015.0,126,8.5,292912,"Crime, Drama, Horror","Crime, Drama, Thriller",131.0
tt0149460,Futurama,1999,1999.0,127,8.5,271410,"Adventure, Animation, Comedy","Animation, Adventure, Comedy",22.0
tt14452776,The Bear,2022,2022.0,128,8.5,270895,"Comedy, Drama","Comedy, Drama",40.0
tt1442449,Spartacus,2010,2013.0,129,8.5,266970,"Action, Adventure, Biography","Action, Adventure, Biography",55.0
tt0106179,The X-Files,1993,2018.0,130,8.6,262832,"Adventure, Crime, Drama","Adventure, Crime, Drama",45.0
tt0436992,Doctor Who,2005,2022.0,131,8.5,257569,"Adventure, Drama, Sci-Fi","Adventure, Drama, Sci-Fi",45.0
tt0436992,Doctor Who,2005,2022.0,131,8.5,257569,"Adventure, Drama, Sci-Fi","Adventure, Drama, Sci-Fi",45.0
tt0979432,Boardwalk Empire,2010,2014.0,133,8.6,211479,"Crime, Drama","Crime, Drama",55.0
tt15435876,The Penguin,2024,2024.0,134,8.6,196535,"Crime, Drama","Crime, Drama",40.0
tt9335498,Demon Slayer: Kimetsu no Yaiba,2019,2019.0,135,8.6,188506,"Action, Adventure, Animation","Animation, Action, Adventure",25.0
tt1486217,Archer,2009,2023.0,136,8.6,171722,"Action, Animation, Comedy","Animation, Action, Comedy",22.0
tt0096657,Mr. Bean,1990,1995.0,137,8.6,143031,"Comedy, Family","Comedy, Family",25.0
tt1870479,The Newsroom,2012,2014.0,138,8.6,130504,Drama,Drama,55.0
tt1489428,Justified,2010,2015.0,139,8.6,125451,"Action, Crime, Drama","Action, Crime, Drama",21.0
tt0348914,Deadwood,2004,2006.0,140,8.6,123833,"Crime, Drama, History","Crime, Drama, History",31.0
tt1305826,Adventure Time,2010,2018.0,141,8.6,123767,"Action, Adventure, Animation","Animation, Action, Adventure",11.0
tt7908628,What We Do in the Shadows,2019,2024.0,142,8.6,119258,"Comedy, Fantasy, Horror","Comedy, Horror",86.0
tt4288182,Atlanta,2016,2022.0,143,8.6,94456,"Comedy, Drama, Music","Comedy, Drama, Music",1.0
tt9174558,Dopesick,2021,2021.0,144,8.6,86632,Drama,Drama,31.0
tt3718778,Over the Garden Wall,2014,2014.0,145,8.7,80568,"Adventure, Animation, Comedy","Animation, Short, Adventure",110.0
tt0758745,Friday Night Lights,2006,2011.0,146,8.7,76180,"Drama, Sport","Drama, Sport",44.0
tt2303687,Line of Duty,2012,2026.0,147,8.7,75953,"Crime, Drama, Mystery","Crime, Drama, Mystery",60.0
tt0387764,Peep Show,2003,2015.0,148,8.7,70707,Comedy,Comedy,40.0
tt0318871,Berserk,1997,1998.0,149,8.7,66453,"Action, Adventure, Animation","Animation, Action, Adventure",2.0
tt0434706,Monster,2004,2005.0,150,8.7,57462,"Animation, Crime, Drama","Biography, Crime, Drama",109.0
tt10850932,Crash Landing on You,2019,2020.0,151,8.7,51239,"Adventure, Comedy, Drama","Adventure, Comedy, Drama",70.0
tt0081834,Das Boot,1985,1985.0,152,8.8,36209,"Drama, War","Drama, War",149.0
tt9735318,The Beatles: Get Back,2021,2021.0,153,8.9,32312,"Biography, Documentary, Music","Documentary, Biography, Music",40.0
tt0092337,Dekalog,1989,1990.0,154,8.9,30835,Drama,Drama,572.0
tt13675832,As If,2021,2021.0,155,9.0,29593,Comedy,Comedy,30.0
tt1909015,Undercover,2011,2016.0,156,8.9,28100,"Action, Crime, Drama","Action, Crime, Drama",60.0
tt0268093,Ramayan,1987,1988.0,157,9.0,26010,"Adventure, Drama, Family","Adventure, Drama, Family",30.0
tt4934214,Taskmaster,2015,2015.0,158,9.0,24826,"Comedy, Game-Show","Comedy, Game-Show",60.0
tt26471411,When Life Gives You Tangerines,2025,2025.0,159,9.2,19325,"Drama, History, Romance","Drama, History, Romance",40.0
tt9861270,Çilgin Dersane at the University,2014,2014.0,160,9.2,18706,Comedy,Comedy,90.0
tt0475784,Westworld,2016,2022.0,161,8.4,548391,"Drama, Mystery, Sci-Fi","Drama, Mystery, Sci-Fi",62.0
tt1632701,Suits,2011,2019.0,162,8.4,516180,"Comedy, Drama","Comedy, Drama",44.0
tt0460681,Supernatural,2005,2020.0,163,8.4,512876,"Drama, Fantasy, Horror","Drama, Fantasy, Horror",44.0
tt2467372,Brooklyn Nine-Nine,2013,2021.0,164,8.4,394973,"Comedy, Crime","Comedy, Crime",22.0
tt5675620,The Punisher,2017,2019.0,165,8.4,285462,"Action, Crime, Drama","Action, Crime, Drama",53.0
tt0285403,Scrubs,2001,2010.0,166,8.4,277719,"Comedy, Drama","Comedy, Drama",1.0
tt1119644,Fringe,2008,2013.0,167,8.4,264215,"Drama, Mystery, Sci-Fi","Drama, Mystery, Sci-Fi",2.0
tt3920596,Big Little Lies,2017,2026.0,168,8.4,236616,"Crime, Drama, Mystery","Crime, Drama, Mystery",30.0
tt7221388,Cobra Kai,2018,2025.0,169,8.4,231546,"Action, Comedy, Drama","Action, Comedy, Drama",30.0
tt9253284,Andor,2022,2025.0,170,8.5,222004,"Action, Adventure, Drama","Action, Adventure, Drama",40.0
tt1839578,Person of Interest,2011,2016.0,171,8.5,198346,"Action, Crime, Drama","Action, Crime, Drama",43.0
tt3230854,The Expanse,2015,2022.0,172,8.5,183762,"Drama, Mystery, Sci-Fi","Drama, Mystery, Sci-Fi",60.0
tt4179452,The Last Kingdom,2015,2022.0,173,8.5,178451,"Action, Drama, History","Action, Drama, History",60.0
tt2575988,Silicon Valley,2014,2019.0,174,8.5,174825,Comedy,Comedy,28.0
tt0487831,The IT Crowd,2006,2013.0,175,8.5,171237,Comedy,Comedy,1.0
tt3526078,Schitt's Creek,2015,2020.0,176,8.5,161874,Comedy,Comedy,22.0
tt12343534,Jujutsu Kaisen,2020,2020.0,177,8.5,155205,"Action, Adventure, Animation","Animation, Action, Adventure",24.0
tt1758429,Spartacus: Gods of the Arena,2011,2011.0,178,8.5,150419,"Action, Adventure, Biography","Action, Adventure, Biography",331.0
tt0290978,The Office,2001,2003.0,179,8.5,128496,"Comedy, Drama",Comedy,22.0
tt0290978,The Office,2001,2003.0,179,8.5,128496,"Comedy, Drama",Comedy,22.0
tt5189670,Making a Murderer,2015,2018.0,180,8.5,106037,"Crime, Documentary","Documentary, Crime",60.0
tt0112159,Neon Genesis Evangelion,1995,1996.0,181,8.5,98178,"Action, Animation, Drama","Animation, Action, Drama",24.0
tt3502248,Bosch,2014,2021.0,182,8.5,89754,"Crime, Drama","Crime, Drama",51.0
tt10638036,Heartstopper,2022,2024.0,183,8.5,87225,"Drama, Romance","Drama, Romance",40.0
tt1492966,Louie,2010,2015.0,184,8.5,84191,"Comedy, Drama","Comedy, Drama",22.0
tt4093826,Twin Peaks,2017,2017.0,185,8.5,83375,"Crime, Drama, Horror","Crime, Drama, Mystery",1.0
tt4093826,Twin Peaks,2017,2017.0,185,8.5,83375,"Crime, Drama, Horror","Crime, Drama, Mystery",1.0
tt0314979,Battlestar Galactica,2003,2003.0,186,8.5,83125,"Action, Adventure, Drama","Action, Adventure, Drama",44.0
tt0314979,Battlestar Galactica,2003,2003.0,186,8.5,83125,"Action, Adventure, Drama","Action, Adventure, Drama",44.0
tt0421357,Fullmetal Alchemist,2003,2004.0,187,8.5,82292,"Action, Adventure, Animation","Animation, Action, Adventure",1.0
tt1733785,The Bridge,2011,2018.0,188,8.6,81122,"Crime, Mystery, Thriller","Crime, Mystery, Thriller",52.0
tt5421602,Anne with an E,2017,2019.0,189,8.6,74240,"Drama, Family","Drama, Family",1.0
tt1710308,Regular Show,2010,2017.0,190,8.6,67054,"Action, Adventure, Animation","Animation, Action, Adventure",23.0
tt4299972,The Jinx: The Life and Deaths of Robert Durst,2015,2024.0,191,8.6,56356,"Biography, Crime, Documentary","Documentary, Biography, Crime",279.0
tt0094525,Poirot,1989,2013.0,192,8.6,55888,"Crime, Drama, Mystery","Crime, Drama, Mystery",100.0
tt0088484,Blackadder II,1986,1986.0,193,8.6,52283,Comedy,Comedy,176.0
tt2100976,Impractical Jokers,2011,2011.0,194,8.6,49265,"Comedy, Reality-TV","Comedy, Reality-TV",30.0
tt0092324,Blackadder the Third,1987,1987.0,195,8.6,49256,Comedy,Comedy,180.0
tt1641384,Young Justice,2010,2022.0,196,8.6,48703,"Action, Adventure, Animation","Animation, Action, Adventure",23.0
tt2049116,Gomorrah,2014,2021.0,197,8.6,47581,"Crime, Drama, Thriller","Crime, Drama",137.0
tt0111958,Father Ted,1995,1998.0,198,8.6,46248,Comedy,Comedy,2.0
tt13111040,The Offer,2022,2022.0,199,8.6,46186,"Biography, Crime, Drama","Biography, Crime, Drama",40.0
tt16026746,X-Men '97,2024,2024.0,200,8.7,45298,"Action, Adventure, Animation","Animation, Action, Adventure",40.0
tt3398540,Haikyu!!,2014,2020.0,201,8.7,45229,"Animation, Comedy, Drama","Animation, Comedy, Drama",1.0
tt7472896,Mr Inbetween,2018,2021.0,202,8.7,40738,"Comedy, Crime, Drama","Crime, Drama",30.0
tt1795096,Behzat Ç: An Ankara Detective Story,2010,2019.0,203,8.8,34923,"Crime, Drama, Mystery","Crime, Drama, Mystery",90.0
tt7927936,Flames,2018,2023.0,204,8.8,33426,"Comedy, Drama, Romance","Comedy, Drama, Romance",20.0
tt8595766,Yeh Meri Family,2018,2018.0,205,8.9,27136,"Comedy, Drama, Family","Comedy, Drama, Family",30.0
tt0158417,Mahabharat,1988,1990.0,206,8.9,25459,"Action, Adventure, Drama","Action, Adventure, Drama",45.0
tt0158417,Mahabharat,1988,1990.0,206,8.9,25459,"Action, Adventure, Drama","Action, Adventure, Drama",45.0
tt0098769,The Civil War,1990,1990.0,207,9.0,21440,"Documentary, History, War","Documentary, History, War",680.0
tt11007006,Azize,2019,2019.0,208,8.9,21020,Drama,Drama,120.0
tt7450814,Koombiyo,2017,2018.0,209,9.1,18378,"Crime, Drama, Thriller","Crime, Drama, Thriller",20.0
tt0460649,How I Met Your Mother,2005,2014.0,210,8.3,760125,"Comedy, Drama, Romance","Comedy, Drama, Romance",22.0
tt0411008,Lost,2004,2010.0,211,8.3,642640,"Adventure, Drama, Fantasy","Adventure, Drama, Fantasy",44.0
tt0455275,Prison Break,2005,2017.0,212,8.3,629088,"Action, Crime, Drama","Action, Crime, Drama",44.0
tt11198330,House of the Dragon,2022,2022.0,213,8.3,477564,"Action, Adventure, Drama","Action, Adventure, Drama",40.0
tt1796960,Homeland,2011,2020.0,214,8.3,369792,"Crime, Drama, Mystery","Crime, Drama, Mystery",55.0
tt12637874,Fallout,2024,2024.0,215,8.3,316987,"Action, Adventure, Drama","Action, Adventure, Drama",40.0
tt5834204,The Handmaid's Tale,2017,2025.0,216,8.3,279999,"Drama, Sci-Fi, Thriller","Drama, Sci-Fi, Thriller",60.0
tt8772296,Euphoria,2019,2019.0,217,8.3,272771,Drama,Drama,55.0
tt9561862,"Love, Death & Robots",2019,2019.0,218,8.4,217268,"Action, Adventure, Animation","Animation, Short, Action",15.0
tt10155688,Mare of Easttown,2021,2021.0,219,8.4,205591,"Crime, Drama, Mystery","Crime, Drama, Mystery",403.0
tt0285331,24,2001,2010.0,220,8.4,202669,"Action, Crime, Drama","Action, Crime, Drama",44.0
tt2401256,The Night Of,2016,2016.0,221,8.4,183254,"Crime, Drama, Mystery","Crime, Drama, Mystery",525.0
tt0387199,Entourage,2004,2011.0,222,8.4,180441,"Comedy, Drama","Comedy, Drama",28.0
tt7657124,The Heroes,2008,2008.0,223,8.4,170331,"Animation, Drama, History","Animation, Drama, History",30.0
tt8398600,After Life,2019,2022.0,224,8.4,161607,"Comedy, Drama","Comedy, Drama",30.0
tt1474684,Luther,2010,2019.0,225,8.4,159376,"Crime, Drama, Mystery","Crime, Drama, Mystery",1.0
tt0409591,Naruto,2002,2007.0,226,8.4,147813,"Action, Adventure, Animation","Animation, Action, Adventure",24.0
tt2017109,Banshee,2013,2016.0,227,8.4,136249,"Action, Crime, Drama","Action, Crime, Drama",60.0
tt0458290,Star Wars: The Clone Wars,2008,2020.0,228,8.4,133103,"Action, Adventure, Animation","Animation, Action, Adventure",23.0
tt2149175,The Americans,2013,2018.0,229,8.4,117640,"Crime, Drama, Mystery","Crime, Drama, Mystery",44.0
tt0491738,Psych,2006,2014.0,230,8.4,116355,"Comedy, Crime, Mystery","Comedy, Crime, Mystery",44.0
tt9059760,Normal People,2020,2020.0,231,8.4,105484,"Drama, Romance","Drama, Romance",339.0
tt0118480,Stargate SG-1,1997,2007.0,232,8.4,105144,"Action, Adventure, Drama","Action, Adventure, Drama",44.0
tt2788432,American Crime Story,2016,2016.0,233,8.4,100985,"Biography, Crime, Drama","Biography, Crime, Drama",42.0
tt1220617,The Inbetweeners,2008,2010.0,234,8.4,98019,Comedy,Comedy,25.0
tt0060028,Star Trek,1966,1969.0,235,8.4,97130,"Action, Adventure, Drama","Action, Adventure, Sci-Fi",127.0
tt6473300,Mirzapur,2018,2018.0,236,8.4,89783,"Action, Crime, Thriller","Action, Crime, Thriller",60.0
tt1442462,The Good Wife,2009,2016.0,237,8.4,86442,"Crime, Drama, Mystery","Crime, Drama, Mystery",43.0
tt4189022,Ash vs Evil Dead,2015,2018.0,238,8.4,82860,"Action, Comedy, Horror","Action, Comedy, Horror",30.0
tt0088509,Dragon Ball,1986,1989.0,239,8.5,72334,"Action, Adventure, Animation","Animation, Action, Adventure",24.0
tt0088509,Dragon Ball,1986,1989.0,239,8.5,72334,"Action, Adventure, Animation","Animation, Action, Adventure",24.0
tt0280249,Dragon Ball,1995,2003.0,240,8.5,70666,"Action, Adventure, Animation","Animation, Action, Adventure",24.0
tt0280249,Dragon Ball,1995,2003.0,240,8.5,70666,"Action, Adventure, Animation","Animation, Action, Adventure",24.0
tt3428912,Happy Valley,2014,2023.0,241,8.5,69637,"Crime, Drama, Thriller","Crime, Drama, Thriller",58.0
tt7120662,Derry Girls,2018,2022.0,242,8.5,69117,Comedy,Comedy,30.0
tt11912196,Asur: Welcome to Your Dark Side,2020,2020.0,243,8.5,68391,"Crime, Drama, Mystery","Crime, Drama, Mystery",43.0
tt0863046,Flight of the Conchords,2007,2009.0,244,8.5,68306,"Comedy, Music, Musical","Comedy, Music, Musical",33.0
tt0068098,M*A*S*H,1972,1983.0,245,8.5,66815,"Comedy, Drama, War","Comedy, Drama, War",116.0
tt0278238,Samurai Jack,2001,2017.0,246,8.5,63596,"Action, Adventure, Animation","Animation, Action, Adventure",1.0
tt0423731,Samurai Champloo,2004,2005.0,247,8.5,59904,"Action, Adventure, Animation","Animation, Action, Adventure",24.0
tt0187664,Spaced,1999,2001.0,248,8.5,59591,Comedy,Comedy,25.0
tt8289930,Formula 1: Drive to Survive,2019,2019.0,249,8.5,56328,"Documentary, Sport","Documentary, Sport",1.0
tt5897304,Mob Psycho 100,2016,2022.0,250,8.5,56030,"Action, Animation, Comedy","Animation, Action, Comedy",24.0
tt0275137,Justice League,2001,2004.0,251,8.5,54887,"Action, Adventure, Animation","Action, Adventure, Fantasy",120.0
tt0290988,Trailer Park Boys,2001,2026.0,252,8.5,54825,"Comedy, Crime","Comedy, Crime",30.0
tt2937900,The Knick,2014,2015.0,253,8.5,54622,"Drama, History","Drama, History",1.0
tt0402711,Boston Legal,2004,2008.0,254,8.5,51853,"Comedy, Crime, Drama","Comedy, Crime, Drama",44.0
tt0237123,Coupling,2000,2004.0,255,8.5,49270,"Comedy, Romance","Comedy, Romance",30.0
tt0163507,Whose Line Is It Anyway?,1998,2007.0,256,8.5,48060,"Comedy, Game-Show","Comedy, Game-Show",40.0
tt3895150,Your Lie in April,2014,2015.0,257,8.5,44269,"Animation, Comedy, Drama","Animation, Comedy, Drama",40.0
tt2359704,JoJo's Bizarre Adventure,2012,2012.0,258,8.5,43523,"Action, Adventure, Animation","Animation, Action, Adventure",30.0
tt12451520,It's Okay to Not Be Okay,2020,2020.0,259,8.6,41129,"Comedy, Drama, Romance","Comedy, Drama, Romance",70.0
tt5288312,Skam,2015,2017.0,260,8.6,41061,"Drama, Romance","Drama, Romance",30.0
tt1534360,Ezel,2009,2011.0,261,8.6,40870,"Crime, Drama, Thriller","Crime, Drama, Thriller",90.0
tt9140342,It's a Sin,2021,2021.0,262,8.6,39345,Drama,Drama,239.0
tt11854694,Special OPS,2020,2020.0,263,8.6,39046,"Action, Crime, Thriller","Action, Crime, Thriller",2.0
tt0053488,The Bugs Bunny Show,1960,1975.0,264,8.6,36998,"Animation, Comedy","Animation, Comedy",30.0
tt2701582,Endeavour,2012,2023.0,265,8.6,36130,"Crime, Drama, Mystery","Crime, Drama, Mystery",1.0
tt7562112,Pose,2018,2021.0,266,8.6,35151,Drama,Drama,60.0
tt0380136,QI,2003,2003.0,267,8.6,34935,"Comedy, Game-Show","Comedy, Game-Show",21.0
tt1983079,Call the Midwife,2012,2012.0,268,8.6,33701,"Drama, History","Drama, History",60.0
tt20869502,Extraordinary Attorney Woo,2022,2022.0,269,8.6,33506,Drama,Drama,1.0
tt5994364,Guardian: The Lonely and Great God,2016,2017.0,270,8.6,33402,"Comedy, Drama, Fantasy","Comedy, Drama, Fantasy",60.0
tt4647692,Letterkenny,2016,2023.0,271,8.6,32508,Comedy,Comedy,30.0
tt21056886,Scavengers Reign,2023,2023.0,272,8.6,30249,"Adventure, Animation, Drama","Animation, Adventure, Drama",40.0
tt0096639,Lonesome Dove,1989,1989.0,273,8.7,28144,"Adventure, Drama, Western","Adventure, Drama, Western",1.0
tt0459159,The Thick of It,2005,2012.0,274,8.7,28082,Comedy,Comedy,29.0
tt0086661,The Adventures of Sherlock Holmes,1984,1985.0,275,8.7,26088,"Crime, Drama, Mystery","Crime, Drama, Mystery",60.0
tt22727518,Another Love,2023,2024.0,276,8.8,23619,"Drama, Romance","Crime, Drama, Romance",40.0
tt20859920,Alchemy of Souls,2022,2023.0,277,8.7,23346,"Action, Drama, Fantasy","Action, Drama, Fantasy",40.0
tt6025022,Justice League Unlimited,2004,2006.0,278,8.7,23328,"Action, Adventure, Animation","Animation, Action, Adventure",1.0
tt0074006,"I, Claudius",1976,1976.0,279,8.8,20992,"Biography, Drama, History","Biography, Drama, History",669.0
tt7621364,Black Pearl,2017,2018.0,280,8.9,20224,Drama,Drama,120.0
tt13868972,Rocket Boys,2022,2022.0,281,8.8,19425,"Drama, History","Drama, History",3.0
tt1518542,Sarabhai V/S Sarabhai,2004,2017.0,282,8.9,19308,Comedy,Comedy,46.0
tt2571774,Africa,2013,2013.0,283,8.9,19258,Documentary,Documentary,360.0
tt1508238,Apocalypse: The Second World War,2009,2009.0,284,9.0,16656,"Documentary, History, War","Documentary, History, War",1.0
tt5182866,Reply 1988,2015,2016.0,285,9.0,15928,"Comedy, Drama, Family","Comedy, Drama, Family",25.0
tt4834232,Critical Role,2015,2015.0,286,9.0,14421,"Adventure, Fantasy","Adventure, Fantasy",180.0
tt13854248,The Legend of Hanuman,2021,2021.0,287,9.1,13434,"Action, Adventure, Animation","Animation, Action, Adventure",25.0
tt6468322,Money Heist,2017,2021.0,288,8.2,572370,"Action, Crime, Drama","Action, Crime, Drama",70.0
tt9140554,Loki,2021,2023.0,289,8.2,445653,"Action, Adventure, Fantasy","Action, Adventure, Fantasy",40.0
tt7767422,Sex Education,2019,2023.0,290,8.2,379614,"Comedy, Drama, Romance","Comedy, Drama, Romance",45.0
tt1196946,The Mentalist,2008,2015.0,291,8.2,212430,"Crime, Drama, Mystery","Crime, Drama, Mystery",43.0
tt4955642,The Good Place,2016,2020.0,292,8.2,207252,"Comedy, Drama, Fantasy","Comedy, Drama, Fantasy",22.0
tt31806037,Adolescence,2025,2025.0,293,8.2,200101,"Crime, Drama, Thriller","Crime, Drama, Mystery",40.0
tt0904208,Californication,2007,2014.0,294,8.3,192136,"Comedy, Drama","Comedy, Drama",28.0
tt3006802,Outlander,2014,2014.0,295,8.3,190973,"Adventure, Drama, Fantasy","Adventure, Drama, Fantasy",64.0
tt11737520,One Piece,2023,2023.0,296,8.3,174819,"Action, Adventure, Comedy","Animation, Action, Adventure",24.0
tt11737520,One Piece,2023,2023.0,296,8.3,174819,"Action, Adventure, Comedy","Animation, Action, Adventure",24.0
tt0118276,Buffy the Vampire Slayer,1997,2003.0,297,8.3,167931,"Action, Adventure, Drama","Action, Adventure, Drama",44.0
tt3647998,Taboo,2017,2017.0,298,8.3,156736,"Drama, Mystery, Thriller","Drama, Mystery, Thriller",59.0
tt13146488,Peacemaker,2022,2022.0,299,8.3,149006,"Action, Adventure, Comedy","Action, Adventure, Comedy",40.0
tt1695360,The Legend of Korra,2012,2014.0,300,8.3,145307,"Action, Adventure, Animation","Animation, Action, Adventure",1.0
tt0374463,The Pacific,2010,2010.0,301,8.3,138407,"Action, Adventure, Drama","Action, Adventure, Drama",530.0
tt0496424,30 Rock,2006,2013.0,302,8.3,135373,Comedy,Comedy,22.0
tt2249364,Broadchurch,2013,2017.0,303,8.3,134455,"Crime, Drama, Mystery","Crime, Drama, Mystery",48.0
tt5348176,Barry,2018,2023.0,304,8.3,133348,"Action, Comedy, Crime","Action, Comedy, Crime",2.0
tt7909970,Unbelievable,2019,2019.0,305,8.3,129646,"Crime, Drama","Crime, Drama",385.0
tt1637727,The Killing,2011,2014.0,306,8.3,129250,"Crime, Drama, Mystery","Crime, Drama, Mystery",45.0
tt1637727,The Killing,2011,2014.0,306,8.3,129250,"Crime, Drama, Mystery","Crime, Drama, Mystery",45.0
tt2699128,The Leftovers,2014,2017.0,307,8.3,121874,"Drama, Fantasy, Mystery","Drama, Fantasy, Mystery",1.0
tt2234222,Orphan Black,2013,2017.0,308,8.3,120474,"Drama, Sci-Fi, Thriller","Drama, Sci-Fi, Thriller",1.0
tt4270492,Billions,2016,2023.0,309,8.3,114433,Drama,Drama,60.0
tt11337908,Maid,2021,2021.0,310,8.3,112343,Drama,Drama,40.0
tt12590266,Cyberpunk: Edgerunners,2022,2022.0,311,8.3,104592,"Action, Adventure, Animation","Animation, Action, Adventure",40.0
tt8714904,Narcos: Mexico,2018,2021.0,312,8.3,97909,"Crime, Drama","Crime, Drama",2.0
tt2249007,Ray Donovan,2013,2020.0,313,8.3,96897,"Crime, Drama","Crime, Drama",60.0
tt6517102,Castlevania,2017,2021.0,314,8.3,89387,"Action, Adventure, Animation","Animation, Action, Adventure",23.0
tt18335752,1923,2022,2025.0,315,8.3,83220,"Drama, Western","Drama, Western",40.0
tt0412253,Veronica Mars,2004,2019.0,316,8.3,80435,"Crime, Drama, Mystery","Crime, Drama, Mystery",2.0
tt13616990,Chainsaw Man,2022,2022.0,317,8.3,76373,"Action, Animation, Comedy","Animation, Action, Comedy",40.0
tt1759761,Veep,2012,2019.0,318,8.4,68438,Comedy,Comedy,28.0
tt5249462,Erased,2016,2016.0,319,8.4,66697,"Animation, Crime, Drama","Animation, Crime, Drama",264.0
tt12327578,Star Trek: Strange New Worlds,2022,2022.0,320,8.3,64700,"Action, Adventure, Sci-Fi","Action, Adventure, Sci-Fi",1.0
tt0262150,Black Books,2000,2004.0,321,8.4,63280,Comedy,Comedy,1.0
tt0925266,Pushing Daisies,2007,2009.0,322,8.4,60896,"Comedy, Drama, Fantasy","Comedy, Drama, Fantasy",40.0
tt2384811,Utopia,2013,2014.0,323,8.4,53705,"Drama, Mystery, Sci-Fi","Drama, Mystery, Sci-Fi",1.0
tt0103584,X-Men,1992,1997.0,324,8.4,52509,"Action, Adventure, Animation","Action, Adventure, Sci-Fi",104.0
tt5743796,Warrior,2019,2023.0,325,8.4,50239,"Action, Crime, Drama","Action, Drama, Sport",140.0
tt11247158,The Legend of Vox Machina,2022,2022.0,326,8.4,49103,"Action, Adventure, Animation","Animation, Action, Adventure",40.0
tt0319969,Carnivàle,2003,2005.0,327,8.4,48229,"Drama, Fantasy, Mystery","Drama, Fantasy, Mystery",55.0
tt1942683,The Amazing World of Gumball,2011,2019.0,328,8.4,48101,"Adventure, Animation, Comedy","Animation, Short, Adventure",11.0
tt1830379,Top Boy,2011,2023.0,329,8.4,44699,"Crime, Drama, Thriller","Crime, Drama, Thriller",1.0
tt1227926,Dr. Horrible's Sing-Along Blog,2008,2008.0,330,8.4,44681,"Comedy, Musical, Sci-Fi","Short, Comedy, Musical",55.0
tt0094582,The Wonder Years,1988,1993.0,331,8.4,42418,"Comedy, Drama, Family","Comedy, Drama, Family",22.0
tt7658402,Harley Quinn,2019,2019.0,332,8.4,41135,"Action, Adventure, Animation","Animation, Action, Adventure",2.0
tt0056751,Doctor Who,1963,1989.0,333,8.4,40725,"Adventure, Drama, Family","Adventure, Drama, Sci-Fi",45.0
tt0056751,Doctor Who,1963,1989.0,333,8.4,40725,"Adventure, Drama, Family","Adventure, Drama, Sci-Fi",45.0
tt6439752,Snowfall,2017,2023.0,334,8.4,39466,"Crime, Drama","Crime, Drama",44.0
tt0458254,The Colbert Report,2005,2014.0,335,8.4,39392,"Comedy, News, Talk-Show","Comedy, News, Talk-Show",30.0
tt0373732,The Boondocks,2005,2014.0,336,8.5,38601,"Action, Animation, Comedy","Animation, Action, Comedy",27.0
tt0472027,John Adams,2008,2008.0,337,8.4,38411,"Biography, Drama, History","Biography, Drama, History",31.0
tt0094535,Red Dwarf,1988,1988.0,338,8.4,38359,"Comedy, Sci-Fi","Comedy, Sci-Fi",1.0
tt1526318,Borgen,2010,2022.0,340,8.5,31356,Drama,Drama,58.0
tt12714854,Mumbai Diaries,2021,2021.0,341,8.5,31157,"Drama, Thriller","Drama, Thriller",40.0
tt10802170,The Rehearsal,2022,2022.0,342,8.5,30686,"Comedy, Documentary","Documentary, Comedy",40.0
tt1299368,Southland,2009,2013.0,343,8.5,30140,"Crime, Drama, Thriller","Crime, Drama, Thriller",42.0
tt0043208,I Love Lucy,1951,1957.0,344,8.5,30061,Comedy,Comedy,30.0
tt0417373,The Venture Bros.,2003,2018.0,345,8.6,29536,"Action, Adventure, Animation","Animation, Action, Adventure",40.0
tt9398466,Delhi Crime,2019,2019.0,346,8.5,27691,"Crime, Drama","Crime, Drama",50.0
tt0094517,Mystery Science Theater 3000,1988,1999.0,347,8.6,27079,"Comedy, Sci-Fi","Comedy, Sci-Fi",92.0
tt31510819,MobLand,2025,2025.0,348,8.5,26979,"Crime, Drama","Crime, Drama",40.0
tt4156586,Permanent Roommates,2014,2023.0,349,8.6,26704,"Comedy, Romance","Comedy, Romance",21.0
tt2433738,Wentworth,2013,2021.0,350,8.6,26201,"Crime, Drama, Thriller","Crime, Drama, Thriller",45.0
tt10332508,Primal,2019,2019.0,351,8.6,24940,"Action, Adventure, Animation","Animation, Action, Adventure",22.0
tt4082744,Detectorists,2014,2022.0,352,8.6,24025,Comedy,Comedy,1.0
tt0129690,I'm Alan Partridge,1997,2002.0,353,8.6,23148,Comedy,Comedy,29.0
tt0421291,Avrupa Yakasi,2004,2009.0,354,8.6,22918,Comedy,Comedy,60.0
tt8050756,The Owl House,2020,2023.0,355,8.6,22883,"Action, Adventure, Animation","Animation, Action, Adventure",22.0
tt28857177,Lucky Guy,2023,2023.0,356,8.6,22145,"Comedy, Drama, Fantasy","Comedy, Drama, Fantasy",40.0
tt2311418,Isler Güçler,2012,2013.0,357,8.6,21753,Comedy,Comedy,86.0
tt7278862,My Brilliant Friend,2018,2024.0,358,8.6,21685,Drama,Drama,1.0
tt0988818,Gintama,2005,2021.0,359,8.7,18400,"Action, Animation, Comedy","Animation, Action, Comedy",40.0
tt15295490,Campus Diaries,2022,2022.0,360,8.7,17691,"Comedy, Drama, Romance","Comedy, Drama, Romance",40.0
tt3212600,Mahabharat,2013,2014.0,361,9.0,12962,"Drama, History, War","Action, Adventure, Drama",45.0
tt3212600,Mahabharat,2013,2014.0,361,9.0,12962,"Drama, History, War","Action, Adventure, Drama",45.0
tt7923710,My Mister,2018,2018.0,362,9.0,12848,"Drama, Family","Drama, Family",1.0
tt1520211,The Walking Dead,2010,2022.0,363,8.1,1144139,"Drama, Horror, Thriller","Drama, Horror, Thriller",44.0
tt0898266,The Big Bang Theory,2007,2019.0,364,8.1,909217,"Comedy, Romance","Comedy, Romance",22.0
tt0182576,Family Guy,1999,1999.0,365,8.1,377863,"Animation, Comedy","Animation, Comedy",22.0
tt0452046,Criminal Minds,2005,2005.0,366,8.1,230906,"Crime, Drama, Mystery","Crime, Drama, Mystery",42.0
tt0165598,That '70s Show,1998,2006.0,367,8.1,194796,"Comedy, Drama, Romance","Comedy, Drama, Romance",22.0
tt11691774,Only Murders in the Building,2021,2021.0,368,8.1,186310,"Comedy, Crime, Drama","Comedy, Crime, Drama",40.0
tt14688458,Silo,2023,2023.0,369,8.1,186297,"Drama, Mystery, Sci-Fi","Drama, Mystery, Sci-Fi",40.0
tt1219024,Castle,2009,2016.0,370,8.1,181338,"Comedy, Crime, Drama","Comedy, Crime, Drama",43.0
tt3205802,How to Get Away with Murder,2014,2020.0,371,8.1,173761,"Crime, Drama, Mystery","Crime, Drama, Mystery",43.0
tt2431438,Sense8,2015,2018.0,372,8.2,167793,"Drama, Mystery, Sci-Fi","Drama, Mystery, Sci-Fi",60.0
tt0238784,Gilmore Girls,2000,2007.0,373,8.2,162049,"Comedy, Drama","Comedy, Drama",57.0
tt2632424,The Originals,2013,2018.0,374,8.2,155049,"Drama, Fantasy, Horror","Drama, Fantasy, Horror",45.0
tt0934814,Chuck,2007,2012.0,375,8.2,151089,"Action, Comedy, Drama","Action, Comedy, Drama",1.0
tt0212671,Malcolm in the Middle,2000,2006.0,376,8.2,149790,"Comedy, Family","Comedy, Family",22.0
tt1358522,White Collar,2009,2014.0,377,8.2,149236,"Comedy, Crime, Drama","Comedy, Crime, Drama",17.0
tt7049682,Watchmen,2019,2019.0,378,8.2,141130,"Crime, Drama, Mystery","Action, Drama, Mystery",162.0
tt7203552,The Morning Show,2019,2019.0,379,8.2,139798,Drama,Drama,60.0
tt2628232,Penny Dreadful,2014,2016.0,380,8.2,135646,"Drama, Fantasy, Horror","Drama, Fantasy, Horror",60.0
tt2375692,Black Sails,2014,2017.0,381,8.2,121224,"Action, Adventure, Drama","Action, Adventure, Drama",56.0
tt0206512,SpongeBob SquarePants,1999,1999.0,382,8.2,119258,"Animation, Comedy, Family","Animation, Comedy, Family",23.0
tt1548850,Misfits,2009,2013.0,383,8.2,110561,"Comedy, Drama, Fantasy","Comedy, Drama, Fantasy",55.0
tt6315640,Atypical,2017,2021.0,384,8.2,109651,"Comedy, Drama","Comedy, Drama",30.0
tt0106004,Frasier,1993,2004.0,385,8.2,99724,Comedy,Comedy,22.0
tt1561755,Bob's Burgers,2011,2011.0,386,8.2,97971,"Animation, Comedy","Animation, Comedy",30.0
tt0840196,Skins,2007,2013.0,387,8.2,97211,Drama,Drama,1.0
tt5626028,My Hero Academia,2016,2016.0,388,8.2,92634,"Action, Adventure, Animation","Animation, Action, Adventure",24.0
tt5516154,Godless,2017,2017.0,389,8.2,86044,"Action, Drama, Western","Action, Drama, Western",452.0
tt0434665,Bleach,2004,2023.0,390,8.2,82220,"Action, Adventure, Animation","Animation, Action, Adventure",32.0
tt4635276,Master of None,2015,2021.0,391,8.2,77651,"Comedy, Drama","Comedy, Drama",1.0
tt9680440,Paatal Lok,2020,2020.0,392,8.2,72165,"Action, Crime, Drama","Crime, Drama, Thriller",2.0
tt3487382,Forever,2014,2015.0,394,8.2,64448,"Crime, Drama, Fantasy","Crime, Drama, Fantasy",21.0
tt0445114,Extras,2005,2007.0,395,8.3,62104,"Comedy, Drama","Comedy, Drama",30.0
tt1344204,Blue Mountain State,2010,2011.0,396,8.3,61589,"Comedy, Sport","Comedy, Sport",2.0
tt3609352,Grace and Frankie,2015,2022.0,397,8.2,59702,Comedy,Comedy,30.0
tt6611916,Kingdom,2019,2020.0,398,8.3,59605,"Action, Drama, Horror","Action, Drama, Horror",45.0
tt6611916,Kingdom,2019,2020.0,398,8.3,59605,"Action, Drama, Horror","Action, Drama, Horror",45.0
tt1699748,Hell on Wheels,2011,2016.0,399,8.3,58042,"Drama, Western","Drama, Western",42.0
tt0383126,MythBusters,2003,2018.0,400,8.3,55889,"Documentary, Mystery, Reality-TV","Documentary, Mystery, Reality-TV",44.0
tt0220880,Courage the Cowardly Dog,1999,2002.0,401,8.3,54517,"Adventure, Animation, Comedy","Animation, Adventure, Comedy",33.0
tt13706018,Spy x Family,2022,2022.0,402,8.3,50984,"Action, Animation, Comedy","Animation, Action, Comedy",40.0
tt15477488,Farzi,2023,2023.0,403,8.3,50866,"Crime, Drama, Thriller","Crime, Drama, Thriller",40.0
tt3655448,The Young Pope,2016,2016.0,404,8.3,49816,Drama,Drama,546.0
tt0115147,The Daily Show,1996,1996.0,405,8.3,48902,"Comedy, News, Talk-Show","Comedy, News, Talk-Show",22.0
tt1598754,24: Live Another Day,2014,2014.0,406,8.3,47472,"Action, Crime, Drama","Action, Crime, Drama",46.0
tt1466074,Columbo,1971,1990.0,407,8.3,45153,"Crime, Drama, Mystery","Crime, Drama, Mystery",50.0
tt1836037,Longmire,2012,2017.0,408,8.3,42113,"Action, Crime, Drama","Action, Crime, Drama",1.0
tt0187636,Farscape,1999,2003.0,409,8.3,41793,"Action, Adventure, Drama","Action, Adventure, Drama",1.0
tt1416765,Parenthood,2010,2015.0,410,8.3,41333,"Comedy, Drama","Comedy, Drama",124.0
tt4644488,Dragon Ball Super,2015,2018.0,411,8.3,41304,"Action, Adventure, Animation","Animation, Action, Adventure",28.0
tt4565380,Fauda,2015,2015.0,412,8.3,40757,"Action, Drama, Thriller","Action, Drama, Thriller",1.0
tt3636060,Poldark,2015,2019.0,413,8.3,37915,"Drama, Romance","Drama, Romance",60.0
tt0112175,Spider-Man: The Animated Series,1994,1998.0,414,8.4,37644,"Action, Adventure, Animation","Animation, Action, Adventure",43.0
tt2578560,Broad City,2014,2019.0,415,8.4,37457,Comedy,Comedy,22.0
tt2543312,Halt and Catch Fire,2014,2017.0,416,8.4,36884,Drama,Drama,60.0
tt0105946,Babylon 5,1993,1998.0,417,8.4,36059,"Action, Adventure, Drama","Action, Adventure, Drama",2.0
tt0874936,Life,2007,2009.0,418,8.3,35983,"Crime, Drama, Mystery","Horror, Sci-Fi, Thriller",104.0
tt0874936,Life,2007,2009.0,418,8.3,35983,"Crime, Drama, Mystery","Horror, Sci-Fi, Thriller",104.0
tt8694364,Years and Years,2019,2019.0,419,8.3,35639,"Drama, Sci-Fi","Drama, Sci-Fi",60.0
tt1702042,An Idiot Abroad,2010,2012.0,420,8.3,35137,"Adventure, Comedy, Documentary","Documentary, Adventure, Comedy",43.0
tt7078180,Violet Evergarden,2018,2018.0,421,8.4,34905,"Animation, Drama, Family","Animation, Drama, Family",24.0
tt13433812,Vincenzo,2021,2021.0,422,8.4,34760,"Action, Comedy, Crime","Action, Comedy, Crime",52.0
tt14168162,Bosch: Legacy,2022,2025.0,423,8.4,34711,"Crime, Drama","Crime, Drama",40.0
tt4192812,Unforgotten,2015,2015.0,424,8.4,34576,"Crime, Drama, Mystery","Crime, Drama, Mystery",31.0
tt5853176,The Good Fight,2017,2022.0,425,8.3,34299,"Crime, Drama","Crime, Drama",2.0
tt1883092,Generation War,2013,2013.0,426,8.4,34057,"Action, Drama, History","Action, Drama, History",270.0
tt0478942,Life on Mars,2006,2007.0,427,8.4,33967,"Crime, Drama, Mystery","Crime, Drama, Mystery",1.0
tt30217403,Dandadan,2024,2024.0,428,8.4,33543,"Action, Adventure, Animation","Animation, Action, Adventure",40.0
tt4378376,Babylon Berlin,2017,2025.0,429,8.4,31939,"Crime, Drama, Thriller","Crime, Drama, Thriller",45.0
tt0826760,The Killing,2007,2012.0,430,8.4,31373,"Crime, Drama, Mystery","Crime, Drama, Mystery",45.0
tt0826760,The Killing,2007,2012.0,430,8.4,31373,"Crime, Drama, Mystery","Crime, Drama, Mystery",45.0
tt11301642,Ethos,2020,2020.0,431,8.4,30922,Drama,Drama,2.0
tt8594324,Ghosts,2019,2023.0,432,8.4,30513,"Comedy, Fantasy","Comedy, Fantasy",40.0
tt0086659,'Allo 'Allo!,1982,1992.0,433,8.4,28083,"Comedy, History, War","Comedy, History, War",45.0
tt6205862,Inside Look: The People v. O.J. Simpson - American Crime Story,2016,2016.0,434,8.4,27603,"Documentary, Short","Documentary, Short",5.0
tt0074028,The Muppet Show,1976,1981.0,435,8.4,27093,"Comedy, Family, Musical","Comedy, Family, Musical",30.0
tt16296870,The Railway Men,2023,2023.0,436,8.5,26640,"Drama, History, Thriller","Drama, History, Thriller",40.0
tt0075520,Jesus of Nazareth,1977,1977.0,437,8.5,26456,"Biography, Drama, History","Biography, Drama, History",3.0
tt0163503,Top Gear,1978,2002.0,438,8.4,25289,"Documentary, Talk-Show","Adventure, Sport, Talk-Show",1.0
tt0163503,Top Gear,1978,2002.0,438,8.4,25289,"Documentary, Talk-Show","Adventure, Sport, Talk-Show",1.0
tt0416394,The Mighty Boosh,2003,2007.0,439,8.4,24835,"Comedy, Fantasy, Musical","Comedy, Fantasy, Musical",30.0
tt1353056,RuPaul's Drag Race,2009,2009.0,440,8.5,24708,"Game-Show, Reality-TV","Game-Show, Reality-TV",63.0
tt9522300,Kaguya-sama: Love is War,2019,2023.0,441,8.5,24436,"Animation, Comedy, Romance","Animation, Comedy, Romance",24.0
tt0088727,Anne of Green Gables,1985,1985.0,442,8.5,23699,"Drama, Family","Drama, Family",199.0
tt0262985,Queer as Folk,2000,2005.0,443,8.5,23286,"Drama, Romance","Drama, Romance",2.0
tt2244495,The Eric Andre Show,2012,2012.0,444,8.5,23230,"Comedy, Talk-Show","Comedy, Talk-Show",11.0
tt2674806,Inside No. 9,2014,2024.0,445,8.5,22490,"Comedy, Crime, Drama","Comedy, Crime, Drama",30.0
tt7259746,Queer Eye,2018,2018.0,446,8.5,21851,Reality-TV,Reality-TV,45.0
tt0346314,Ghost in the Shell: Stand Alone Complex,2002,2005.0,447,8.5,21766,"Action, Animation, Crime","Animation, Action, Crime",24.0
tt12074628,Smiling Friends,2020,2020.0,448,8.5,21544,"Animation, Comedy, Short","Animation, Short, Comedy",12.0
tt0182629,Rurouni Kenshin,1996,1998.0,449,8.5,21322,"Action, Adventure, Animation","Animation, Action, Adventure",24.0
tt0397150,Garth Marenghi's Darkplace,2004,2004.0,450,8.5,21003,"Comedy, Fantasy, Horror","Comedy, Fantasy, Horror",22.0
tt6005644,TVF Tripling,2016,2016.0,451,8.5,20958,"Comedy, Drama","Comedy, Drama",30.0
tt3673794,Kingdom,2014,2017.0,452,8.5,20421,"Drama, Sport","Action, Drama, Horror",45.0
tt3673794,Kingdom,2014,2017.0,452,8.5,20421,"Drama, Sport","Action, Drama, Horror",45.0
tt2155025,Please Like Me,2013,2016.0,453,8.5,20221,"Comedy, Drama, Romance","Comedy, Drama, Romance",29.0
tt0047708,Alfred Hitchcock Presents,1955,1962.0,454,8.5,20067,"Crime, Drama, Mystery","Crime, Drama, Mystery",1.0
tt9814458,Bandish Bandits,2020,2020.0,455,8.6,19877,"Drama, Music, Romance","Drama, Music, Romance",30.0
tt0310455,Foyle's War,2002,2015.0,456,8.6,19748,"Crime, Drama, Mystery","Crime, Drama, Mystery",90.0
tt0493331,Barareh Nights,2005,2006.0,457,8.5,19397,Comedy,Comedy,60.0
tt1513168,Through the Wormhole,2010,2017.0,458,8.6,19146,Documentary,Documentary,60.0
tt26225038,Death's Game,2023,2024.0,459,8.5,19098,"Drama, Fantasy","Drama, Fantasy",40.0
tt17513352,Twenty Five Twenty One,2022,2022.0,460,8.6,18147,"Drama, Romance","Drama, Romance",40.0
tt0080306,Yes Minister,1980,1984.0,461,8.6,18065,Comedy,Comedy,60.0
tt3671754,Kardes Payi,2014,2015.0,462,8.6,18022,Comedy,"Comedy, Drama, Family",70.0
tt4063800,The Bureau,2015,2020.0,464,8.7,17091,"Drama, Thriller","Drama, Thriller",40.0
tt0403778,Long Way Round,2004,2010.0,465,8.6,16398,"Adventure, Documentary","Documentary, Adventure",2.0
tt0106028,Homicide: Life on the Street,1993,1999.0,466,8.7,16099,"Crime, Drama, Mystery","Crime, Drama, Mystery",34.0
tt15614372,Tear Along the Dotted Line,2021,2021.0,467,8.6,15713,"Animation, Comedy, Drama","Animation, Comedy, Drama",1.0
tt10801534,How to with John Wilson,2020,2023.0,468,8.7,15654,"Comedy, Documentary","Documentary, Comedy",30.0
tt0229889,El Chavo del Ocho,1972,1983.0,469,8.7,15099,"Comedy, Family","Comedy, Family",30.0
tt9566030,Pew News,2018,2020.0,470,8.7,14736,"Comedy, News","Comedy, News",15.0
tt0090509,The Return of Sherlock Holmes,1986,1988.0,471,8.7,14630,"Crime, Drama, Mystery","Crime, Drama, Mystery",60.0
tt0481256,Fighting Spirit,2000,2002.0,472,8.8,14066,"Action, Animation, Comedy","Animation, Action, Comedy",20.0
tt6108262,Black Sun,2017,2020.0,473,8.8,13325,"Crime, Drama, Thriller","Crime, Drama, Thriller",60.0
tt13661118,Not Me,2021,2022.0,474,8.8,12684,"Action, Crime, Romance","Action, Crime, Romance",3.0
tt11992526,Harga,2021,2021.0,476,8.9,10041,Drama,Drama,40.0
tt0281491,Still Game,2002,2019.0,477,8.9,10036,Comedy,Comedy,22.0
tt2063241,Farouk Omar,2012,2012.0,478,9.1,9895,"Biography, Drama, History","Biography, Drama, History",45.0
tt0111893,The Beatles Anthology,1995,1996.0,479,9.1,9627,"Documentary, Music","Documentary, Music",600.0
tt1043822,Vratice se rode,2007,2008.0,480,9.1,9412,"Comedy, Crime, Drama","Comedy, Crime, Drama",55.0
tt10919420,Squid Game,2021,2025.0,482,8.0,665220,"Action, Drama, Mystery","Action, Drama, Mystery",40.0
tt13443470,Wednesday,2022,2022.0,483,8.0,418588,"Comedy, Crime, Fantasy","Comedy, Crime, Fantasy",40.0
tt4052886,Lucifer,2016,2021.0,484,8.0,376221,"Crime, Drama, Fantasy","Crime, Drama, Fantasy",42.0
tt2372162,Orange Is the New Black,2013,2019.0,485,8.0,329250,"Comedy, Crime, Drama","Comedy, Crime, Drama",59.0
tt13406094,The White Lotus,2021,2021.0,486,8.0,279763,"Comedy, Drama","Comedy, Drama",40.0
tt9288030,Reacher,2022,2022.0,487,8.0,266110,"Action, Crime, Drama","Action, Crime, Drama",1.0
tt6257970,The End of the F***ing World,2017,2019.0,488,8.0,235703,"Adventure, Comedy, Crime","Adventure, Comedy, Crime",25.0
tt5057054,Tom Clancy's Jack Ryan,2018,2023.0,489,8.0,185229,"Action, Crime, Drama","Action, Crime, Drama",60.0
tt13210838,The Gentlemen,2024,2026.0,490,8.0,162894,"Action, Comedy, Crime","Action, Crime",113.0
tt7493974,Bodyguard,2018,2018.0,491,8.0,161197,"Crime, Drama, Thriller","Crime, Drama, Thriller",60.0
tt14403178,Beef,2023,2023.0,492,8.0,152152,"Comedy, Drama","Comedy, Drama",40.0
tt7016936,Killing Eve,2018,2022.0,493,8.1,146647,"Action, Adventure, Drama","Action, Adventure, Drama",42.0
tt2294189,The Fall,2013,2016.0,495,8.1,126414,"Crime, Drama, Thriller","Crime, Drama, Thriller",21.0
tt4301160,Black Bird,2022,2022.0,496,8.1,125921,"Biography, Crime, Drama","Biography, Crime, Drama",40.0
tt2188671,Bates Motel,2013,2017.0,497,8.1,121852,"Drama, Horror, Mystery","Drama, Horror, Mystery",30.0
tt0092400,Married... with Children,1987,1997.0,498,8.1,115012,Comedy,Comedy,22.0
tt2879552,11.22.63,2016,2016.0,499,8.1,109668,"Drama, Mystery, Romance","Drama, Mystery, Romance",60.0
tt15677150,Shrinking,2023,2023.0,500,8.1,100920,"Comedy, Drama","Comedy, Drama",40.0
tt0312172,Monk,2002,2009.0,501,8.1,98648,"Comedy, Crime, Drama","Comedy, Crime, Drama",44.0
tt0758790,The Tudors,2007,2010.0,502,8.1,84593,"Drama, History, Romance","Drama, History, Romance",60.0
tt7772588,For All Mankind,2019,2019.0,503,8.1,79676,"Drama, Sci-Fi","Drama, Sci-Fi",60.0
tt8690918,Resident Alien,2021,2021.0,504,8.1,75261,"Comedy, Drama, Mystery","Comedy, Drama, Mystery",44.0
tt0106145,Star Trek: Deep Space Nine,1993,1999.0,505,8.1,74325,"Action, Adventure, Drama","Action, Adventure, Drama",45.0
tt0374455,Stargate: Atlantis,2004,2009.0,506,8.1,73886,"Action, Adventure, Drama","Action, Adventure, Drama",1.0
tt2930604,Star Wars: Rebels,2014,2018.0,507,8.1,64119,"Action, Adventure, Animation","Animation, Action, Adventure",22.0
tt18923754,Daredevil: Born Again,2025,2025.0,508,8.1,64096,"Action, Crime, Drama","Action, Crime, Drama",40.0
tt0852863,Phineas and Ferb,2007,2007.0,509,8.1,62416,"Action, Adventure, Animation","Animation, Short, Action",1.0
tt11016042,Ripley,2024,2024.0,510,8.1,61364,"Crime, Drama, Thriller","Crime, Drama, Thriller",40.0
tt4047038,Dirk Gently's Holistic Detective Agency,2016,2017.0,511,8.1,60366,"Action, Adventure, Comedy","Action, Adventure, Comedy",59.0
tt4687880,Goliath,2016,2021.0,512,8.1,59959,Drama,Drama,60.0
tt16283804,One Day,2024,2024.0,513,8.1,59905,"Comedy, Drama, Romance","Drama, Romance",107.0
tt2235759,The Great,2020,2023.0,514,8.1,59590,"Biography, Comedy, Drama","Biography, Comedy, Drama",1.0
tt8634332,The Righteous Gemstones,2019,2025.0,515,8.1,57923,"Comedy, Drama","Comedy, Drama",36.0
tt1610527,Workaholics,2011,2017.0,516,8.1,57833,Comedy,Comedy,1.0
tt3358020,Parasyte: The Maxim,2014,2015.0,517,8.2,56113,"Action, Animation, Drama","Animation, Action, Drama",22.0
tt3281796,Power,2014,2020.0,518,8.1,55918,"Crime, Drama","Crime, Drama",50.0
tt22014226,Taaza Khabar,2023,2023.0,519,8.1,55800,"Action, Comedy, Drama","Action, Comedy, Drama",40.0
tt11815682,Hacks,2021,2021.0,520,8.2,53630,"Comedy, Drama","Comedy, Drama",40.0
tt1480684,The League,2009,2015.0,521,8.2,53427,"Comedy, Sport","Comedy, Sport",22.0
tt8788458,The Promised Neverland,2019,2021.0,522,8.1,53189,"Action, Adventure, Animation","Animation, Action, Adventure",23.0
tt2887954,Tokyo Vice,2022,2024.0,523,8.1,52975,"Crime, Drama, Thriller","Crime, Drama, Thriller",40.0
tt22074164,Jury Duty,2023,2023.0,524,8.2,50875,Comedy,Comedy,40.0
tt0088526,The Golden Girls,1985,1992.0,525,8.2,50327,"Comedy, Drama","Comedy, Drama",30.0
tt6317068,Final Space,2018,2021.0,526,8.2,49998,"Action, Adventure, Animation","Animation, Action, Adventure",30.0
tt15469618,Bad Sisters,2022,2022.0,527,8.2,49852,"Comedy, Drama, Thriller","Comedy, Drama, Thriller",40.0
tt14664414,Young Royals,2021,2024.0,528,8.2,47811,"Drama, Romance","Drama, Romance",40.0
tt5574490,Animal Kingdom,2016,2022.0,529,8.2,46308,"Crime, Drama","Crime, Drama, Thriller",113.0
tt7255502,The Kominsky Method,2018,2021.0,530,8.2,45779,"Comedy, Drama","Comedy, Drama",2.0
tt14218830,Abbott Elementary,2021,2021.0,531,8.2,45069,Comedy,Comedy,40.0
tt7441658,Black Clover,2017,2021.0,532,8.2,42050,"Action, Adventure, Animation","Animation, Action, Adventure",24.0
tt1073507,Party Down,2009,2023.0,533,8.2,38325,"Comedy, Drama","Comedy, Drama",30.0
tt0096684,Quantum Leap,1989,1993.0,534,8.2,38006,"Action, Adventure, Drama","Action, Adventure, Drama",60.0
tt21344706,The Glory,2022,2023.0,535,8.2,37466,"Drama, Mystery, Thriller","Drama, Mystery, Thriller",40.0
tt32252772,Dexter: Original Sin,2024,2024.0,536,8.2,36829,"Crime, Drama, Mystery","Crime, Drama, Mystery",40.0
tt5137338,Victoria,2016,2019.0,537,8.2,32554,"Biography, Drama, History","Crime, Drama, Romance",138.0
tt10405370,Rogue Heroes,2022,2025.0,538,8.2,32496,"Action, Drama, Thriller","Action, Drama, Thriller",40.0
tt10244600,Winning Time: The Rise of the Lakers Dynasty,2022,2023.0,539,8.3,30965,"Biography, Drama, Sport","Biography, Drama, Sport",40.0
tt8688814,The Dragon Prince,2018,2024.0,540,8.2,30561,"Action, Adventure, Animation","Animation, Action, Adventure",1.0
tt13138834,Time,2021,2025.0,541,8.2,30206,"Crime, Drama","Crime, Drama",40.0
tt5768632,Love Doesn't Understand Words,2016,2017.0,542,8.2,30100,"Comedy, Romance","Comedy, Romance",68.0
tt8809646,College Romance,2018,2023.0,543,8.3,29241,"Comedy, Drama, Romance","Comedy, Drama, Romance",2.0
tt2396135,Shetland,2013,2013.0,544,8.3,29189,"Crime, Drama, Mystery","Crime, Drama, Mystery",60.0
tt0381798,Rescue Me,2004,2011.0,545,8.3,28740,"Comedy, Drama","Comedy, Drama",42.0
tt1984119,Feud,2017,2024.0,546,8.3,28688,"Biography, Drama","Biography, Drama",406.0
tt2183404,Rectify,2013,2016.0,547,8.3,28326,Drama,Drama,1.0
tt3012698,Olive Kitteridge,2014,2014.0,548,8.3,27768,Drama,Drama,1.0
tt1981558,Key and Peele,2012,2015.0,549,8.3,27685,Comedy,Comedy,30.0
tt13623580,Reservation Dogs,2021,2023.0,550,8.3,26767,"Comedy, Crime","Comedy, Crime",40.0
tt1409055,Dragon Ball Z Kai,2009,2015.0,551,8.3,26750,"Action, Adventure, Animation","Animation, Action, Adventure",1.0
tt0485842,Studio 60 on the Sunset Strip,2006,2007.0,552,8.3,25625,"Comedy, Drama","Comedy, Drama",44.0
tt14518756,Hometown Cha-Cha-Cha,2021,2021.0,553,8.3,24954,"Comedy, Drama, Romance","Comedy, Drama, Romance",40.0
tt0948103,Gurren Lagann,2007,2007.0,554,8.3,23550,"Action, Adventure, Animation","Animation, Action, Adventure",24.0
tt0098878,Northern Exposure,1990,1995.0,555,8.4,23469,"Comedy, Drama","Comedy, Drama",60.0
tt0235923,Invader ZIM,2001,2006.0,556,8.4,23348,"Action, Adventure, Animation","Animation, Action, Adventure",1.0
tt14674086,Welcome to Wrexham,2022,2022.0,557,8.3,23295,"Documentary, Reality-TV, Sport","Documentary, Reality-TV, Sport",40.0
tt0780362,Jane Eyre,2006,2006.0,558,8.3,23083,"Drama, Romance","Drama, Mystery, Romance",120.0
tt0083466,Police Squad!,1982,1982.0,559,8.4,22268,"Comedy, Crime","Comedy, Crime",24.0
tt7765404,Wayne,2019,2019.0,560,8.3,21950,"Action, Comedy, Drama","Action, Comedy, Drama",30.0
tt0408381,Doc Martin,2004,2022.0,561,8.4,21561,"Comedy, Drama, Romance","Comedy, Drama, Romance",46.0
tt21975436,Kaiju No. 8,2024,2024.0,562,8.3,21445,"Action, Adventure, Animation","Animation, Action, Adventure",40.0
tt1094229,Heartland,2007,2007.0,563,8.4,21330,"Drama, Family","Drama, Family",45.0
tt0976192,The Spectacular Spider-Man,2008,2009.0,564,8.4,21264,"Action, Adventure, Animation","Animation, Action, Adventure",1.0
tt8681148,This Is Going to Hurt,2022,2022.0,565,8.4,20531,"Biography, Comedy, Drama","Biography, Comedy, Drama",40.0
tt1734135,Trollhunters: Tales of Arcadia,2016,2018.0,566,8.4,20520,"Action, Adventure, Animation","Animation, Action, Adventure",23.0
tt0118266,The New Batman Adventures,1997,1999.0,567,8.4,20334,"Action, Adventure, Animation","Animation, Action, Adventure",30.0
tt0066626,All in the Family,1971,1979.0,568,8.4,19785,"Comedy, Drama","Comedy, Drama",40.0
tt0075572,Roots,1977,1977.0,569,8.4,19582,"Biography, Drama, History","Biography, Drama, History",588.0
tt2407574,My Mad Fat Diary,2013,2015.0,570,8.4,19483,"Comedy, Drama, Romance","Comedy, Drama, Romance",47.0
tt0053479,The Andy Griffith Show,1960,1968.0,571,8.4,18087,"Comedy, Family","Comedy, Family",30.0
tt5425186,Horace and Pete,2016,2016.0,572,8.5,17955,"Comedy, Drama","Comedy, Drama",67.0
tt0070644,Scenes from a Marriage,1973,1973.0,573,8.5,17601,Drama,Drama,40.0
tt4295140,Chef's Table,2015,2024.0,574,8.5,17513,"Biography, Documentary","Documentary, Biography",50.0
tt1553644,The Ricky Gervais Show,2010,2012.0,575,8.4,17425,"Animation, Comedy, Talk-Show","Animation, Comedy, Talk-Show",30.0
tt0185133,Yu Yu Hakusho: Ghost Files,1992,1995.0,576,8.5,17321,"Action, Adventure, Animation","Animation, Action, Adventure",24.0
tt8317568,Broken But Beautiful,2018,2018.0,577,8.5,17318,"Drama, Romance","Drama, Romance",22.0
tt11691684,Flower of Evil,2020,2020.0,578,8.5,16943,"Crime, Mystery, Romance","Crime, Mystery, Romance",31.0
tt0131179,Detective Conan,1996,1996.0,579,8.5,16660,"Action, Animation, Comedy","Animation, Action, Comedy",25.0
tt6958022,The Defiant Ones,2017,2017.0,580,8.5,15892,"Biography, Crime, Documentary","Crime, Drama",96.0
tt0061287,The Prisoner,1967,1968.0,581,8.5,15737,"Drama, Mystery, Sci-Fi","Drama, Mystery, Sci-Fi",1.0
tt11680642,Pantheon,2022,2023.0,582,8.5,15723,"Action, Adventure, Animation","Animation, Action, Adventure",40.0
tt0098825,House of Cards,1990,1990.0,583,8.5,15495,Drama,Drama,51.0
tt0098825,House of Cards,1990,1990.0,583,8.5,15495,Drama,Drama,51.0
tt0807832,Mushi-Shi,2005,2014.0,584,8.5,15483,"Animation, Drama, Fantasy","Animation, Drama, Fantasy",25.0
tt0934320,Summer Heights High,2007,2007.0,585,8.5,15394,"Comedy, Drama, Family","Comedy, Drama, Family",30.0
tt6385540,Hilda,2018,2023.0,586,8.6,15247,"Adventure, Animation, Drama","Animation, Adventure, Drama",1.0
tt13634792,Mouse,2021,2021.0,587,8.6,14671,"Action, Crime, Mystery","Action, Crime, Mystery",1.0
tt26743760,The Apothecary Diaries,2023,2023.0,588,8.5,14320,"Animation, Drama, History","Animation, Drama, History",40.0
tt1877368,The Great British Baking Show,2010,2010.0,589,8.6,14247,"Game-Show, Reality-TV","Game-Show, Reality-TV",1.0
tt22185582,Sixer,2022,2022.0,590,8.5,14245,"Drama, Sport","Drama, Sport",40.0
tt0120570,From the Earth to the Moon,1998,1998.0,591,8.5,14108,"Action, Drama, History","Action, Drama, History",2.0
tt0086831,"Yes, Prime Minister",1986,1987.0,592,8.6,14099,Comedy,Comedy,30.0
tt5320412,Moon Lovers: Scarlet Heart Ryeo,2016,2016.0,593,8.6,13634,"Action, Drama, Fantasy","Action, Drama, Fantasy",60.0
tt13400006,Mr. Queen,2020,2021.0,594,8.6,13206,"Comedy, Fantasy, Romance","Comedy, Fantasy, Romance",70.0
tt10554898,The Untamed,2019,2019.0,595,8.7,12795,"Action, Adventure, Drama","Action, Adventure, Drama",50.0
tt9103932,Greatest Events of WWII in Colour,2019,2019.0,596,8.6,12658,"Documentary, History, War","Documentary, History, War",50.0
tt6111552,Content Cop,2015,2025.0,597,8.7,12611,"Comedy, Crime, Talk-Show","Comedy, Crime, Talk-Show",20.0
tt7094780,Mr. Sunshine,2018,2018.0,598,8.7,12408,"Action, Drama, History","Action, Drama, Romance",1.0
tt4269716,Umbre,2014,2019.0,599,8.7,12309,"Crime, Drama, Thriller","Crime, Drama, Thriller",1.0
tt0118273,Brass Eye,1997,2001.0,600,8.6,12302,Comedy,Comedy,25.0
tt0426719,Hunter x Hunter,1999,2001.0,742,8.6,11025,"Action, Adventure, Animation","Animation, Action, Adventure",24.0
tt11379026,Ghosts,2021,2021.0,816,7.9,41776,"Comedy, Fantasy","Comedy, Fantasy",40.0
tt12682218,Scenes from a Marriage,2021,2021.0,831,8.0,31863,Drama,Drama,40.0
tt0080274,Shogun,1980,1980.0,877,8.1,17241,"Adventure, Drama, History","Action, Adventure, Drama",40.0
tt2919910,Whose Line Is It Anyway?,2013,2024.0,931,8.4,10146,"Comedy, Game-Show","Comedy, Game-Show",40.0
tt0377260,Shameless,2004,2013.0,1067,8.0,19785,"Comedy, Crime, Drama","Comedy, Drama",46.0
tt2404499,Kingdom,2012,2012.0,1217,8.7,4652,"Action, Animation, Drama","Action, Drama, Horror",45.0
tt2404499,Kingdom,2012,2012.0,1217,8.7,4652,"Action, Animation, Drama","Action, Drama, Horror",45.0
tt7263154,Undercover,2019,2022.0,1314,7.8,21769,"Crime, Drama, Thriller","Action, Crime, Drama",60.0
tt0185102,Queer as Folk,1999,2000.0,1440,8.2,7901,"Comedy, Drama","Drama, Romance",2.0
tt0094580,Whose Line Is It Anyway?,1988,2011.0,1496,8.2,6053,"Comedy, Game-Show","Comedy, Game-Show",40.0
tt1322240,Watchmen,2008,2009.0,1583,8.5,3684,"Animation, Drama, Mystery","Action, Drama, Mystery",162.0
tt2406376,The Bridge,2013,2014.0,1707,7.6,20946,"Crime, Drama, Mystery","Crime, Mystery, Thriller",52.0
tt0088634,The Twilight Zone,1985,1989.0,1761,7.7,12785,"Drama, Fantasy, Horror","Drama, Fantasy, Horror",51.0
tt3315386,Roots,2016,2016.0,1819,7.9,8830,"Drama, History, War","Biography, Drama, History",588.0
tt6782014,Mystery Science Theater 3000,2017,2022.0,1999,8.1,4251,"Comedy, Drama, Fantasy","Comedy, Sci-Fi",92.0
tt3163562,Utopia,2014,2014.0,2074,8.3,3337,Comedy,"Drama, Mystery, Sci-Fi",1.0
tt5830254,Das Boot,2018,2023.0,2323,7.5,11061,"Drama, War","Drama, War",149.0
tt0787490,Life on Mars,2008,2009.0,2325,7.5,10972,"Crime, Drama, Mystery","Crime, Drama, Mystery",1.0
tt7573686,Erased,2017,2017.0,2540,7.8,4686,"Drama, Fantasy, Mystery","Animation, Crime, Drama",264.0
tt0085037,Jane Eyre,1983,1983.0,2610,8.0,3898,"Drama, Romance","Drama, Mystery, Romance",120.0
tt1415175,Yellowstone,2009,2009.0,2914,8.4,1920,Documentary,"Drama, Western",60.0
tt0287254,Normal People,2001,2003.0,2955,8.3,1773,Comedy,"Drama, Romance",339.0
tt0088476,Alfred Hitchcock Presents,1985,1989.0,3682,7.7,3443,"Crime, Drama, Mystery","Crime, Drama, Mystery",1.0
tt0841961,Kingdom,2007,2009.0,3747,7.8,3111,"Comedy, Drama","Action, Drama, Horror",45.0
tt0841961,Kingdom,2007,2009.0,3747,7.8,3111,"Comedy, Drama","Action, Drama, Horror",45.0
tt22249034,Rurouni Kenshin,2023,2023.0,3880,7.9,2546,"Action, Adventure, Animation","Animation, Action, Adventure",24.0
tt15515490,Forever,2025,2025.0,3885,7.8,2537,"Drama, Romance","Crime, Drama, Fantasy",21.0
tt10122020,Life,2020,2020.0,3907,7.7,2483,Drama,"Horror, Sci-Fi, Thriller",104.0
tt10122020,Life,2020,2020.0,3907,7.7,2483,Drama,"Horror, Sci-Fi, Thriller",104.0
tt0078560,Anne of Green Gables,1979,1979.0,3962,7.7,2289,"Animation, Drama, Family","Drama, Family",199.0
tt8236544,Life on Mars,2018,2018.0,4576,8.1,1310,"Crime, Drama, Mystery","Crime, Drama, Mystery",1.0
tt0075560,Poldark,1975,1977.0,4625,8.3,1252,"Drama, History, Romance","Drama, Romance",60.0
tt0275821,As If,2001,2004.0,4855,8.1,965,"Comedy, Drama, Romance",Comedy,30.0
