Title,Released,Genre,Runtime,imdbRating,imdbVotes,BoxOffice
Breaking Bad,20 Jan 2008,"Crime, Drama, Thriller",49 min,9.5,"2,331,402",
Band of Brothers,09 Sep 2001,"Action, Drama, History",594 min,9.4,"561,613",
Chernobyl,06 May 2019,"Drama, History, Thriller",330 min,9.3,"947,377",
Planet Earth,25 Mar 2007,"Documentary, Family",538 min,9.4,"227,238",
Planet Earth II,18 Feb 2017,Documentary,298 min,9.4,"166,497",
Game of Thrones,17 Apr 2011,"Action, Adventure, Drama",57 min,9.2,"2,431,624",
The Sopranos,10 Jan 1999,"Crime, Drama",55 min,9.2,"522,544",
Avatar: The Last Airbender,21 Feb 2005,"Animation, Action, Adventure",23 min,9.3,"404,145",
The Wire,02 Jun 2002,"Crime, Drama, Thriller",59 min,9.3,"401,271",
Rick and Morty,02 Dec 2013,"Animation, Adventure, Comedy",23 min,9.1,"653,219",
Attack on Titan,28 Sep 2013,"Animation, Action, Adventure",24 min,9.1,"607,219",
Aspirants,07 Apr 2021,Drama,3 min,9.2,"313,882",
Scam 1992: The Harshad Mehta Story,09 Oct 2020,"Biography, Crime, Drama",N/A,9.2,"164,661",
Cosmos: A Spacetime Odyssey,09 Mar 2014,Documentary,557 min,9.2,"134,429",
Sherlock,24 Oct 2010,"Crime, Drama, Mystery",88 min,9.1,"1,045,351",
The Office,24 Mar 2005,Comedy,22 min,9.0,"778,398",
Better Call Saul,08 Feb 2015,"Crime, Drama",46 min,9.0,"728,304",
Arcane,06 Nov 2021,"Animation, Action, Adventure",N/A,9.0,"390,191",
Fullmetal Alchemist: Brotherhood,09 Apr 2009,"Animation, Action, Adventure",54S min,9.1,"222,648",
Blue Planet II,20 Jan 2018,Documentary,364 min,9.3,"51,205",
Friends,22 Sep 1994,"Comedy, Romance",22 min,8.9,"1,147,483",
True Detective,12 Jan 2014,"Crime, Drama, Mystery",55 min,8.9,"705,674",
Death Note,21 Oct 2007,"Animation, Crime, Drama",24 min,8.9,"428,325",
Seinfeld,05 Jul 1989,Comedy,22 min,8.9,"369,752",
One Piece,20 Oct 1999,"Animation, Action, Adventure",24 min,9.0,"295,328",
The Last Dance,19 Apr 2020,"Documentary, Biography, History",491 min,9.0,"166,486",
Hunter x Hunter,17 Apr 2016,"Animation, Action, Adventure",24 min,9.0,"163,018",
Batman: The Animated Series,05 Sep 1992,"Animation, Action, Adventure",23 min,9.0,"126,510",
TVF Pitchers,17 Jun 2015,"Comedy, Drama",40 min,9.1,"75,344",
Our Planet,05 Apr 2019,Documentary,403 min,9.2,"56,622",
Cosmos,28 Sep 1980,Documentary,780 min,9.3,"47,783",
Bluey,30 Sep 2018,"Animation, Family",7 min,9.3,"38,232",
Fargo,05 Apr 1996,"Crime, Drama, Thriller",98 min,8.1,"753,704","$24,611,975"
Ted Lasso,14 Aug 2020,"Comedy, Drama, Sport",30 min,8.8,"398,897",
Succession,03 Jun 2018,"Comedy, Drama",60 min,8.8,"316,845",
Firefly,20 Sep 2002,"Adventure, Drama, Sci-Fi",44 min,8.9,"290,535",
Gravity Falls,15 Jun 2012,"Animation, Adventure, Comedy",23 min,8.9,"151,507",
Cowboy Bebop,02 Sep 2001,"Animation, Action, Adventure",24 min,8.9,"153,589",
The Twilight Zone,02 Oct 1959,"Drama, Fantasy, Horror",51 min,9.0,"100,378",
Leyla and Mecnun,09 Feb 2011,"Adventure, Comedy, Drama",80 min,9.0,"99,646",
Kota Factory,28 Aug 2021,"Comedy, Drama",45 min,9.0,"86,711",
Clarkson's Farm,10 Jun 2021,"Documentary, Comedy, Reality-TV",2 min,9.0,"71,764",
The Chosen,21 Apr 2019,"Drama, History",N/A,9.1,"56,558",
Life,24 Mar 2017,"Horror, Sci-Fi, Thriller",104 min,6.6,"267,717","$30,234,022"
Peaky Blinders,30 Sep 2014,"Crime, Drama",60 min,8.7,"709,128",
Black Mirror,04 Dec 2011,"Crime, Drama, Mystery",60 min,8.7,"697,445",
House,16 Nov 2004,"Drama, Mystery",44 min,8.7,"561,832",
Narcos,28 Aug 2015,"Biography, Crime, Drama",49 min,8.7,"499,956",
Dark,01 Dec 2017,"Crime, Drama, Mystery",60 min,8.7,"490,909",
South Park,13 Aug 1997,"Animation, Comedy",22 min,8.7,"422,709",
Severance,18 Feb 2022,"Drama, Mystery, Sci-Fi",N/A,8.7,"315,421",
It's Always Sunny in Philadelphia,04 Aug 2005,Comedy,22 min,8.8,"266,821",
BoJack Horseman,22 Aug 2014,"Animation, Comedy, Drama",25 min,8.8,"211,619",
Dragon Ball Z,13 Sep 1996,"Animation, Action, Adventure",17S min,8.8,"154,985",
Freaks and Geeks,25 Sep 1999,"Comedy, Drama",44 min,8.8,"158,037",
Curb Your Enthusiasm,15 Oct 2000,Comedy,28 min,8.8,"156,982",
When They See Us,31 May 2019,"Biography, Crime, Drama",296 min,8.8,"147,983",
Dhindora,14 Oct 2021,"Comedy, Drama",N/A,8.8,"123,087",
Fawlty Towers,19 Sep 1975,Comedy,1 min,8.8,"104,975",
Vinland Saga,06 Jul 2019,"Animation, Action, Adventure",24 min,8.8,"99,248",
Last Week Tonight with John Oliver,27 Apr 2014,"Comedy, News, Talk-Show",30 min,8.8,"100,181",
Pride and Prejudice,14 Jan 1996,"Drama, Romance",327 min,8.8,"98,490",
Dragon Ball Z,13 Sep 1996,"Animation, Action, Adventure",17S min,8.8,"154,985",
The West Wing,22 Sep 1999,Drama,1 min,8.9,"91,811",
Bleach: Thousand-Year Blood War,10 Oct 2022,"Animation, Action, Adventure",N/A,9.0,"56,614",
Only Fools and Horses,08 Sep 1981,Comedy,58S min,9.0,"59,881",
Persona,16 Mar 1967,"Drama, Thriller",83 min,8.0,"135,455",N/A
The Blue Planet,27 Jan 2002,Documentary,389 min,9.0,"45,897",
NCR Days,19 Jul 2022,Drama,N/A,9.0,"43,893",
The World at War,31 Oct 1973,"Documentary, History, War",52 min,9.2,"33,202",
Stranger Things,15 Jul 2016,"Drama, Fantasy, Horror",51 min,8.6,"1,447,392",
Dexter,01 Oct 2006,"Crime, Drama, Mystery",53 min,8.6,"841,228",
The Boys,26 Jul 2019,"Action, Comedy, Crime",31S min,8.6,"775,063",
The Last of Us,15 Jan 2023,"Action, Adventure, Drama",18S min,8.6,"655,142",
The Mandalorian,12 Nov 2019,"Action, Adventure, Fantasy",40 min,8.6,"624,158",
House of Cards,01 Feb 2013,Drama,51 min,8.6,"547,637",
Daredevil,10 Apr 2015,"Action, Crime, Drama",54 min,8.6,"507,478",
The Simpsons,17 Dec 1989,"Animation, Comedy",22 min,8.6,"453,793",
Mindhunter,13 Oct 2017,"Crime, Drama, Mystery",60 min,8.6,"369,129",
Arrested Development,02 Nov 2003,Comedy,22 min,8.7,"331,791",
Parks and Recreation,09 Apr 2009,Comedy,22 min,8.6,"303,589",
Yellowstone,20 Jun 2018,"Drama, Western",60 min,8.6,"275,083",
Invincible,26 Mar 2021,"Animation, Action, Adventure",N/A,8.7,"276,167",
Mad Men,19 Jul 2007,Drama,47 min,8.7,"276,112",
The Crown,04 Nov 2016,"Biography, Drama, History",58 min,8.6,"269,973",
Downton Abbey,09 Jan 2011,"Drama, Romance",58 min,8.7,"235,399",
Twin Peaks,08 Apr 1990,"Crime, Drama, Mystery",1 min,8.7,"232,520",
Fleabag,16 Sep 2016,"Comedy, Drama",27 min,8.7,"226,594",
One Punch Man,05 Oct 2015,"Animation, Action, Comedy",24 min,8.7,"201,415",
Naruto: Shippuden,28 Oct 2009,"Animation, Action, Adventure",24 min,8.7,"196,375",
Rome,28 Aug 2005,"Action, Drama, Romance",52 min,8.7,"195,627",
Battlestar Galactica,14 Jan 2005,"Action, Adventure, Drama",44 min,8.7,"182,582",
This Is Us,20 Sep 2016,"Comedy, Drama, Romance",45 min,8.7,"167,538",
Six Feet Under,03 Jun 2001,"Comedy, Drama",55 min,8.7,"159,421",
The Marvelous Mrs. Maisel,17 Mar 2017,"Comedy, Drama",57 min,8.7,"150,879",
Star Trek: The Next Generation,26 Sep 1987,"Action, Adventure, Drama",44 min,8.7,"143,530",
1883,19 Dec 2021,"Drama, Western",N/A,8.7,"139,308",
Top Gear,20 Oct 2002,"Adventure, Sport, Talk-Show",1 min,8.7,"132,421",
Oz,12 Jul 1997,"Crime, Drama, Thriller",31S min,8.7,"111,547",
The Family Man,22 Dec 2000,"Comedy, Drama, Fantasy",125 min,6.8,"125,928","$75,793,305"
The Shield,12 Mar 2002,"Crime, Drama, Thriller",47 min,8.7,"92,923",
Blue Eye Samurai,03 Nov 2023,"Animation, Action, Adventure",N/A,8.7,"91,019",
Code Geass,N/A,"Animation, Action, Drama",24 min,8.7,"91,077",
The Grand Tour,18 Nov 2016,"Comedy, Sport, Talk-Show",2 min,8.7,"90,374",
Steins;Gate,06 Apr 2011,"Animation, Comedy, Drama",24 min,8.8,"82,639",
Monty Python's Flying Circus,02 Oct 2018,Comedy,31S min,8.8,"81,970",
Chappelle's Show,22 Jan 2003,"Comedy, Music",22 min,8.8,"75,917",
Blackadder Goes Forth,28 Sep 1989,"Comedy, War",175 min,8.8,"57,307",
The Pitt,09 Jan 2025,Drama,N/A,8.9,"35,004",
Nathan for You,28 Feb 2013,"Documentary, Comedy",30 min,8.9,"43,078",
Frieren: Beyond Journey's End,29 Sep 2023,"Animation, Adventure, Comedy",N/A,8.9,"36,729",
Frozen Planet,18 Mar 2012,Documentary,333 min,9.0,"35,616",
The Vietnam War,17 Sep 2017,"Documentary, History, War",990 min,9.1,"31,028",
Human Planet,13 Jan 2011,Documentary,50 min,9.0,"29,671",
Gullak,27 Jun 2019,"Comedy, Drama, Family",24 min,9.1,"26,337",
Halka,15 Jan 2019,"Action, Crime, Drama",120 min,9.1,"17,404",
The Queen's Gambit,23 Oct 2020,Drama,395 min,8.5,"612,306",
Vikings,03 Mar 2013,"Action, Adventure, Drama",44 min,8.5,"618,823",
Modern Family,23 Sep 2009,"Comedy, Drama, Romance",22 min,8.5,"511,285",
Mr. Robot,24 Jun 2015,"Crime, Drama, Thriller",49 min,8.5,"440,930",
Ozark,21 Jul 2017,"Crime, Drama, Thriller",60 min,8.5,"369,847",
Sons of Anarchy,03 Sep 2008,"Crime, Drama, Thriller",45 min,8.5,"340,237",
Shameless,09 Jan 2011,"Comedy, Drama",46 min,8.5,"312,399",
The Haunting of Hill House,12 Oct 2018,"Drama, Horror, Mystery",572 min,8.5,"309,942",
Community,17 Sep 2009,Comedy,22 min,8.5,"303,867",
Hannibal,09 Feb 2001,"Crime, Drama, Thriller",131 min,6.8,"303,710","$165,092,268"
Futurama,28 Mar 1999,"Animation, Adventure, Comedy",22 min,8.5,"270,745",
The Bear,23 Jun 2022,"Comedy, Drama",N/A,8.5,"269,492",
Spartacus,22 Jan 2010,"Action, Adventure, Biography",55 min,8.5,"267,111",
The X-Files,10 Sep 1993,"Adventure, Crime, Drama",45 min,8.6,"262,046",
Doctor Who,17 Mar 2006,"Adventure, Drama, Sci-Fi",45 min,8.5,"257,803",
Shogun,27 Feb 2024,"Action, Adventure, Drama",N/A,8.6,"216,063",
Boardwalk Empire,19 Sep 2010,"Crime, Drama",55 min,8.6,"210,997",
The Penguin,19 Sep 2024,"Crime, Drama",N/A,8.6,"197,341",
Demon Slayer: Kimetsu no Yaiba,22 Jan 2021,"Animation, Action, Adventure",25 min,8.6,"189,536",
Archer,17 Sep 2009,"Animation, Action, Comedy",22 min,8.6,"171,873",
Mr. Bean,02 Apr 1992,"Comedy, Family",25 min,8.6,"143,333",
The Newsroom,24 Jun 2012,Drama,55 min,8.6,"129,987",
Justified,16 Mar 2010,"Action, Crime, Drama",21S min,8.6,"125,612",
Deadwood,21 Mar 2004,"Crime, Drama, History",31S min,8.6,"123,541",
Adventure Time,05 Apr 2010,"Animation, Action, Adventure",11 min,8.6,"123,246",
What We Do in the Shadows,13 Feb 2015,"Comedy, Horror",86 min,7.6,"207,978","$3,469,224"
Atlanta,06 Sep 2016,"Comedy, Drama, Music",1 min,8.6,"94,204",
Dopesick,13 Oct 2021,Drama,31S min,8.6,"83,950",
Over the Garden Wall,03 Nov 2014,"Animation, Short, Adventure",110 min,8.7,"80,713",
Friday Night Lights,03 Oct 2006,"Drama, Sport",44 min,8.7,"75,228",
Line of Duty,21 Aug 2012,"Crime, Drama, Mystery",60 min,8.7,"75,786",
Peep Show,12 Nov 2004,Comedy,N/A,8.7,"68,142",
Berserk,28 May 2002,"Animation, Action, Adventure",2 min,8.7,"65,715",
Monster,30 Jan 2004,"Biography, Crime, Drama",109 min,7.3,"167,784","$34,469,210"
Crash Landing on You,14 Dec 2019,"Adventure, Comedy, Drama",70 min,8.7,"50,933",
Das Boot,10 Feb 1982,"Drama, War",149 min,8.4,"273,687","$11,487,676"
The Beatles: Get Back,25 Nov 2021,"Documentary, Biography, Music",N/A,8.9,"31,521",
Dekalog,10 Dec 1989,Drama,572 min,8.9,"29,065",
As If,01 Jan 2021,Comedy,30 min,9.0,"24,369",
Undercover,17 Apr 2011,"Action, Crime, Drama",60 min,8.9,"28,108",
Ramayan,25 Jan 1987,"Adventure, Drama, Family",30 min,9.0,"24,610",
Taskmaster,26 Apr 2018,"Comedy, Game-Show",60 min,9.0,"24,534",
When Life Gives You Tangerines,07 Mar 2025,"Drama, History, Romance",N/A,9.3,"13,664",
Çilgin Dersane at the University,09 Jun 2014,Comedy,90 min,3.6,324,
Westworld,02 Oct 2016,"Drama, Mystery, Sci-Fi",62 min,8.4,"547,946",
Suits,23 Jun 2011,"Comedy, Drama",44 min,8.4,"516,776",
Supernatural,13 Sep 2005,"Drama, Fantasy, Horror",44 min,8.4,"511,743",
Brooklyn Nine-Nine,17 Sep 2013,"Comedy, Crime",22 min,8.4,"395,598",
The Punisher,17 Nov 2017,"Action, Crime, Drama",53 min,8.4,"283,682",
Scrubs,02 Oct 2001,"Comedy, Drama",1 min,8.4,"274,279",
Fringe,09 Sep 2008,"Drama, Mystery, Sci-Fi",2 min,8.4,"263,928",
Big Little Lies,19 Feb 2017,"Crime, Drama, Mystery",30S min,8.4,"232,837",
Cobra Kai,02 May 2018,"Action, Comedy, Drama",30 min,8.4,"230,533",
Andor,21 Sep 2022,"Action, Adventure, Drama",N/A,8.4,"202,532",
Person of Interest,22 Sep 2011,"Action, Crime, Drama",43 min,8.5,"198,514",
The Expanse,23 Nov 2015,"Drama, Mystery, Sci-Fi",60 min,8.5,"183,889",
The Last Kingdom,10 Oct 2015,"Action, Drama, History",60 min,8.5,"178,082",
Silicon Valley,06 Apr 2014,Comedy,28 min,8.5,"174,434",
The IT Crowd,03 Feb 2006,Comedy,1 min,8.5,"170,910",
Schitt's Creek,11 Feb 2015,Comedy,22 min,8.5,"161,193",
Jujutsu Kaisen,02 Oct 2020,"Animation, Action, Adventure",24 min,8.5,"151,707",
Spartacus: Gods of the Arena,21 Jan 2011,"Action, Adventure, Biography",331 min,8.5,"148,715",
The Office,24 Mar 2005,Comedy,22 min,9.0,"778,398",
Making a Murderer,18 Dec 2015,"Documentary, Crime",60 min,8.5,"105,113",
Neon Genesis Evangelion,20 Aug 1997,"Animation, Action, Drama",24 min,8.5,"97,655",
Bosch,06 Feb 2014,"Crime, Drama",51 min,8.5,"89,206",
Heartstopper,22 Apr 2022,"Drama, Romance",N/A,8.5,"84,508",
Louie,29 Jun 2010,"Comedy, Drama",22 min,8.5,"83,073",
Twin Peaks,08 Apr 1990,"Crime, Drama, Mystery",1 min,8.7,"232,520",
Battlestar Galactica,14 Jan 2005,"Action, Adventure, Drama",44 min,8.7,"182,582",
Fullmetal Alchemist,06 Nov 2004,"Animation, Action, Adventure",1 min,8.5,"80,925",
The Bridge,21 Sep 2011,"Crime, Mystery, Thriller",52S min,8.6,"79,518",
Anne with an E,12 May 2017,"Drama, Family",1 min,8.6,"73,992",
Regular Show,06 Sep 2010,"Animation, Action, Adventure",23 min,8.6,"66,450",
The Jinx: The Life and Deaths of Robert Durst,08 Feb 2015,"Documentary, Biography, Crime",279 min,8.6,"56,118",
Poirot,18 Jan 1990,"Crime, Drama, Mystery",100 min,8.6,"54,974",
Blackadder II,09 Jan 1986,Comedy,176 min,8.6,"48,690",
Impractical Jokers,15 Dec 2011,"Comedy, Reality-TV",30 min,8.5,"49,148",
Blackadder the Third,17 Sep 1987,Comedy,180 min,8.6,"49,299",
Young Justice,26 Nov 2010,"Animation, Action, Adventure",23 min,8.6,"48,577",
Gomorrah,10 Apr 2009,"Crime, Drama",137 min,7.0,"51,790","$1,579,146"
Father Ted,21 Apr 1995,Comedy,2 min,8.7,"46,018",
The Offer,28 Apr 2022,"Biography, Crime, Drama",N/A,8.6,"44,063",
X-Men '97,20 Mar 2024,"Animation, Action, Adventure",N/A,8.8,"44,047",
Haikyu!!,05 Apr 2014,"Animation, Comedy, Drama",1 min,8.7,"44,923",
Mr Inbetween,25 Sep 2018,"Crime, Drama",30 min,8.7,"37,865",
Behzat Ç: An Ankara Detective Story,19 Sep 2010,"Crime, Drama, Mystery",90 min,8.8,"33,719",
Flames,04 Feb 2018,"Comedy, Drama, Romance",20 min,8.8,"33,035",
Yeh Meri Family,12 Jul 2018,"Comedy, Drama, Family",30 min,8.9,"26,965",
Mahabharat,02 Oct 1988,"Action, Adventure, Drama",45 min,9.0,"23,756",
The Civil War,23 Sep 1990,"Documentary, History, War",680 min,9.0,"21,183",
Azize,19 Nov 2019,Drama,120 min,8.7,"14,050",
Koombiyo,26 Aug 2017,"Crime, Drama, Thriller",20 min,9.0,"17,644",
How I Met Your Mother,19 Sep 2005,"Comedy, Drama, Romance",22 min,8.3,"760,731",
Lost,22 Sep 2004,"Adventure, Drama, Fantasy",44 min,8.3,"638,007",
Prison Break,29 Aug 2005,"Action, Crime, Drama",44 min,8.3,"630,459",
House of the Dragon,21 Aug 2022,"Action, Adventure, Drama",N/A,8.3,"476,583",
Homeland,02 Oct 2011,"Crime, Drama, Mystery",55 min,8.3,"369,511",
Fallout,10 Apr 2024,"Action, Adventure, Drama",N/A,8.3,"312,624",
The Handmaid's Tale,26 Apr 2017,"Drama, Sci-Fi, Thriller",60 min,8.3,"272,813",
Euphoria,16 Jun 2019,Drama,55 min,8.3,"269,954",
"Love, Death & Robots",15 Mar 2019,"Animation, Short, Action",15 min,8.4,"214,056",
Mare of Easttown,18 Apr 2021,"Crime, Drama, Mystery",403 min,8.4,"206,102",
24,06 Nov 2001,"Action, Crime, Drama",44 min,8.4,"202,774",
The Night Of,24 Jun 2016,"Crime, Drama, Mystery",525 min,8.4,"181,275",
Entourage,18 Jul 2004,"Comedy, Drama",28 min,8.4,"179,781",
The Heroes,N/A,"Animation, Drama, History",30 min,8.4,"168,785",
After Life,08 Mar 2019,"Comedy, Drama",30 min,8.4,"161,112",
Luther,17 Oct 2010,"Crime, Drama, Mystery",1 min,8.4,"159,455",
Naruto,10 Sep 2005,"Animation, Action, Adventure",24 min,8.4,"148,418",
Banshee,11 Jan 2013,"Action, Crime, Drama",60 min,8.4,"135,656",
Star Wars: The Clone Wars,03 Oct 2008,"Animation, Action, Adventure",23 min,8.4,"132,011",
The Americans,30 Jan 2013,"Crime, Drama, Mystery",44 min,8.4,"114,682",
Psych,07 Jul 2006,"Comedy, Crime, Mystery",44 min,8.4,"116,450",
Normal People,29 Apr 2020,"Drama, Romance",339 min,8.4,"101,860",
Stargate SG-1,27 Jul 1997,"Action, Adventure, Drama",44 min,8.4,"104,452",
American Crime Story,02 Feb 2016,"Biography, Crime, Drama",42 min,8.4,"100,998",
The Inbetweeners,25 Jan 2010,Comedy,25 min,8.4,"96,950",
Star Trek,08 May 2009,"Action, Adventure, Sci-Fi",127 min,7.9,"630,013","$257,730,019"
Mirzapur,15 Nov 2018,"Action, Crime, Thriller",60 min,8.4,"89,545",
The Good Wife,22 Sep 2009,"Crime, Drama, Mystery",43 min,8.4,"86,200",
Ash vs Evil Dead,31 Oct 2015,"Action, Comedy, Horror",30 min,8.4,"82,275",
Dragon Ball,26 Feb 1986,"Animation, Action, Adventure",24 min,8.5,"72,443",
Dragon Ball,26 Feb 1986,"Animation, Action, Adventure",24 min,8.5,"72,443",
Happy Valley,29 Apr 2014,"Crime, Drama, Thriller",58 min,8.5,"69,180",
Derry Girls,21 Dec 2018,Comedy,30 min,8.5,"68,596",
Asur: Welcome to Your Dark Side,02 Mar 2020,"Crime, Drama, Mystery",43 min,8.5,"67,268",
Flight of the Conchords,17 Jun 2007,"Comedy, Music, Musical",33S min,8.5,"67,752",
M*A*S*H,18 Mar 1970,"Comedy, Drama, War",116 min,7.3,"80,266","$81,600,000"
Samurai Jack,10 Aug 2001,"Animation, Action, Adventure",1 min,8.5,"63,482",
Samurai Champloo,11 Jan 2005,"Animation, Action, Adventure",24 min,8.5,"58,414",
Spaced,24 Sep 1999,Comedy,25 min,8.5,"59,506",
Formula 1: Drive to Survive,08 Mar 2019,"Documentary, Sport",1 min,8.5,"55,323",
Mob Psycho 100,27 Oct 2018,"Animation, Action, Comedy",24 min,8.5,"56,247",
Justice League,17 Nov 2017,"Action, Adventure, Fantasy",120 min,6.1,"486,646","$229,024,295"
Trailer Park Boys,20 Apr 2004,"Comedy, Crime",30 min,8.5,"53,346",
The Knick,08 Aug 2014,"Drama, History",1 min,8.5,"54,528",
Boston Legal,03 Oct 2004,"Comedy, Crime, Drama",44 min,8.5,"51,763",
Coupling,01 Sep 2001,"Comedy, Romance",30 min,8.5,"48,921",
Whose Line Is It Anyway?,05 Aug 1998,"Comedy, Game-Show",N/A,8.5,"48,025",
Your Lie in April,09 Oct 2014,"Animation, Comedy, Drama",N/A,8.5,"43,489",
JoJo's Bizarre Adventure,04 Oct 2012,"Animation, Action, Adventure",30 min,8.5,"42,825",
It's Okay to Not Be Okay,20 Jun 2020,"Comedy, Drama, Romance",70 min,8.6,"38,491",
Skam,25 Sep 2015,"Drama, Romance",30 min,8.6,"40,502",
Ezel,28 Sep 2009,"Crime, Drama, Thriller",90 min,8.7,"38,871",
It's a Sin,18 Feb 2021,Drama,239 min,8.6,"39,180",
Special OPS,16 Mar 2020,"Action, Crime, Thriller",2 min,8.6,"38,257",
The Bugs Bunny Show,11 Oct 1960,"Animation, Comedy",30 min,8.6,"36,745",
Endeavour,01 Jul 2012,"Crime, Drama, Mystery",1 min,8.6,"36,006",
Pose,03 Jun 2018,Drama,60 min,8.6,"35,043",
QI,11 Sep 2003,"Comedy, Game-Show",21S min,8.6,"34,962",
Call the Midwife,15 Jan 2012,"Drama, History",60 min,8.6,"33,611",
Extraordinary Attorney Woo,29 Jun 2022,Drama,1 min,8.6,"29,499",
Guardian: The Lonely and Great God,02 Dec 2016,"Comedy, Drama, Fantasy",60 min,8.6,"32,087",
Letterkenny,07 Feb 2016,Comedy,30 min,8.6,"32,202",
Scavengers Reign,19 Oct 2023,"Animation, Adventure, Drama",N/A,8.6,"29,780",
Lonesome Dove,05 Feb 1989,"Adventure, Drama, Western",1 min,8.7,"28,194",
The Thick of It,19 May 2005,Comedy,29 min,8.7,"27,657",
The Adventures of Sherlock Holmes,14 Mar 1985,"Crime, Drama, Mystery",60 min,8.7,"25,606",
Another Love,11 Sep 2023,"Crime, Drama, Romance",N/A,8.7,"13,042",
Alchemy of Souls,18 Jun 2022,"Action, Drama, Fantasy",40S min,8.7,"22,266",
Justice League Unlimited,31 Jul 2004,"Animation, Action, Adventure",1 min,8.7,"23,385",
"I, Claudius",06 Nov 1977,"Biography, Drama, History",669 min,8.8,"21,026",
Black Pearl,28 Sep 2017,Drama,120 min,8.9,"19,374",
Rocket Boys,04 Feb 2022,"Drama, History",3 min,8.8,"19,365",
Sarabhai V/S Sarabhai,08 Nov 2004,Comedy,46S min,8.9,"18,404",
Africa,02 Jan 2013,Documentary,360 min,8.9,"18,988",
Apocalypse: The Second World War,11 Nov 2009,"Documentary, History, War",1 min,9.0,"15,523",
Reply 1988,05 Nov 2015,"Comedy, Drama, Family",25S min,9.0,"15,148",
Critical Role,12 Mar 2015,"Adventure, Fantasy",180 min,9.1,"13,899",
The Legend of Hanuman,29 Jan 2021,"Animation, Action, Adventure",25 min,9.1,"13,318",
Money Heist,02 May 2017,"Action, Crime, Drama",70 min,8.2,"573,256",
Loki,09 Jun 2021,"Action, Adventure, Fantasy",N/A,8.2,"444,135",
Sex Education,11 Jan 2019,"Comedy, Drama, Romance",45 min,8.2,"378,537",
The Mentalist,23 Sep 2008,"Crime, Drama, Mystery",43 min,8.2,"211,237",
The Good Place,19 Sep 2016,"Comedy, Drama, Fantasy",22 min,8.2,"207,526",
Adolescence,13 Mar 2025,"Crime, Drama, Mystery",N/A,8.2,"183,209",
Californication,13 Aug 2007,"Comedy, Drama",28 min,8.3,"192,014",
Outlander,09 Aug 2014,"Adventure, Drama, Fantasy",64 min,8.3,"191,157",
One Piece,20 Oct 1999,"Animation, Action, Adventure",24 min,9.0,"295,328",
Buffy the Vampire Slayer,10 Mar 1997,"Action, Adventure, Drama",44 min,8.3,"164,922",
Taboo,10 Jan 2017,"Drama, Mystery, Thriller",59 min,8.3,"154,174",
Peacemaker,13 Jan 2022,"Action, Adventure, Comedy",N/A,8.3,"147,087",
The Legend of Korra,14 Apr 2012,"Animation, Action, Adventure",1 min,8.3,"142,783",
The Pacific,14 Mar 2010,"Action, Adventure, Drama",530 min,8.3,"138,007",
30 Rock,11 Oct 2006,Comedy,22 min,8.3,"135,245",
Broadchurch,07 Aug 2013,"Crime, Drama, Mystery",48 min,8.3,"134,117",
Barry,25 Mar 2018,"Action, Comedy, Crime",2 min,8.3,"132,844",
Unbelievable,13 Sep 2019,"Crime, Drama",385 min,8.3,"128,433",
The Killing,03 Apr 2011,"Crime, Drama, Mystery",45 min,8.3,"129,008",
The Leftovers,29 Jun 2014,"Drama, Fantasy, Mystery",1 min,8.3,"121,273",
Orphan Black,30 Mar 2013,"Drama, Sci-Fi, Thriller",1 min,8.3,"120,089",
Billions,01 Jan 2016,Drama,60 min,8.3,"112,607",
Maid,01 Oct 2021,Drama,N/A,8.3,"111,218",
Cyberpunk: Edgerunners,13 Sep 2022,"Animation, Action, Adventure",N/A,8.3,"103,595",
Narcos: Mexico,16 Nov 2018,"Crime, Drama",2 min,8.3,"95,906",
Ray Donovan,18 Jun 2013,"Crime, Drama",60 min,8.3,"96,769",
Castlevania,07 Jul 2017,"Animation, Action, Adventure",23 min,8.3,"89,562",
1923,18 Dec 2022,"Drama, Western",N/A,8.3,"84,030",
Veronica Mars,22 Sep 2004,"Crime, Drama, Mystery",2 min,8.3,"80,383",
Chainsaw Man,11 Oct 2022,"Animation, Action, Comedy",N/A,8.3,"74,334",
Veep,22 Apr 2012,Comedy,28 min,8.4,"68,289",
Erased,08 Jan 2016,"Animation, Crime, Drama",264 min,8.4,"66,336",
Star Trek: Strange New Worlds,05 May 2022,"Action, Adventure, Sci-Fi",1 min,8.3,"64,126",
Black Books,09 Dec 2001,Comedy,1 min,8.5,"62,885",
Pushing Daisies,03 Oct 2007,"Comedy, Drama, Fantasy",N/A,8.4,"60,945",
Utopia,15 Jan 2013,"Drama, Mystery, Sci-Fi",1 min,8.4,"52,884",
X-Men,14 Jul 2000,"Action, Adventure, Sci-Fi",104 min,7.3,"671,912","$157,299,718"
Warrior,09 Sep 2011,"Action, Drama, Sport",140 min,8.1,"514,510","$13,657,115"
The Legend of Vox Machina,28 Jan 2022,"Animation, Action, Adventure",N/A,8.4,"48,980",
Carnivàle,14 Sep 2003,"Drama, Fantasy, Mystery",55 min,8.4,"47,752",
The Amazing World of Gumball,03 May 2011,"Animation, Short, Adventure",11 min,8.4,"47,367",
Top Boy,31 Oct 2011,"Crime, Drama, Thriller",1 min,8.4,"42,777",
Dr. Horrible's Sing-Along Blog,15 Jul 2008,"Short, Comedy, Musical",55S min,8.4,"44,647",
The Wonder Years,31 Jan 1988,"Comedy, Drama, Family",22 min,8.3,"41,571",
Harley Quinn,29 Nov 2019,"Animation, Action, Adventure",2 min,8.4,"41,027",
Doctor Who,17 Mar 2006,"Adventure, Drama, Sci-Fi",45 min,8.5,"257,803",
Snowfall,05 Jul 2017,"Crime, Drama",44 min,8.4,"38,861",
The Colbert Report,17 Oct 2005,"Comedy, News, Talk-Show",30 min,8.4,"39,326",
The Boondocks,06 Nov 2005,"Animation, Action, Comedy",27S min,8.5,"37,206",
John Adams,16 Mar 2008,"Biography, Drama, History",31S min,8.4,"37,624",
Red Dwarf,29 Mar 1989,"Comedy, Sci-Fi",1 min,8.4,"38,166",
North,22 Jul 1994,"Adventure, Comedy, Drama",87 min,4.5,"14,983","$7,182,747"
Borgen,29 Oct 2011,Drama,58 min,8.5,"31,400",
Mumbai Diaries,09 Sep 2021,"Drama, Thriller",N/A,8.5,"31,058",
The Rehearsal,15 Jul 2022,"Documentary, Comedy",N/A,8.5,"28,909",
Southland,09 Apr 2009,"Crime, Drama, Thriller",42 min,8.5,"29,645",
I Love Lucy,15 Oct 1951,Comedy,30 min,8.5,"29,706",
The Venture Bros.,16 Feb 2003,"Animation, Action, Adventure",N/A,8.6,"29,506",
Delhi Crime,22 Mar 2019,"Crime, Drama",50 min,8.5,"27,723",
Mystery Science Theater 3000,10 May 1988,"Comedy, Sci-Fi",92 min,8.6,"27,034",
MobLand,30 Mar 2025,"Crime, Drama",N/A,8.4,"36,999",
Permanent Roommates,29 Oct 2014,"Comedy, Romance",21 min,8.6,"26,499",
Wentworth,01 May 2013,"Crime, Drama, Thriller",45 min,8.6,"25,961",
Primal,07 Oct 2019,"Animation, Action, Adventure",22 min,8.6,"24,703",
Detectorists,02 Oct 2014,Comedy,1 min,8.6,"23,248",
I'm Alan Partridge,03 Nov 1997,Comedy,29 min,8.6,"22,274",
Avrupa Yakasi,11 Feb 2004,Comedy,60 min,8.6,"20,696",
The Owl House,10 Jan 2020,"Animation, Action, Adventure",22 min,8.6,"22,975",
Lucky Guy,06 Sep 2023,"Comedy, Drama, Fantasy",N/A,8.7,"21,211",
Isler Güçler,28 Jun 2012,Comedy,86 min,8.6,"21,500",
My Brilliant Friend,18 Nov 2018,Drama,1 min,8.6,"20,674",
Gintama,04 Apr 2006,"Animation, Action, Comedy",N/A,8.7,"17,688",
Campus Diaries,07 Jan 2022,"Comedy, Drama, Romance",N/A,8.8,"17,200",
Mahabharat,02 Oct 1988,"Action, Adventure, Drama",45 min,9.0,"23,756",
My Mister,03 Nov 2020,"Drama, Family",1 min,9.0,"11,606",
The Walking Dead,31 Oct 2010,"Drama, Horror, Thriller",44 min,8.1,"1,145,898",
The Big Bang Theory,24 Sep 2007,"Comedy, Romance",22 min,8.1,"910,026",
Family Guy,31 Jan 1999,"Animation, Comedy",22 min,8.1,"376,487",
Criminal Minds,22 Sep 2005,"Crime, Drama, Mystery",42 min,8.1,"229,466",
That '70s Show,23 Aug 1998,"Comedy, Drama, Romance",22 min,8.1,"192,831",
Only Murders in the Building,31 Aug 2021,"Comedy, Crime, Drama",N/A,8.1,"186,486",
Silo,05 May 2023,"Drama, Mystery, Sci-Fi",N/A,8.1,"187,004",
Castle,09 Mar 2009,"Comedy, Crime, Drama",43 min,8.1,"181,548",
How to Get Away with Murder,25 Sep 2014,"Crime, Drama, Mystery",43 min,8.1,"173,850",
Sense8,05 Jun 2015,"Drama, Mystery, Sci-Fi",60 min,8.2,"167,537",
Gilmore Girls,05 Oct 2000,"Comedy, Drama",57S min,8.2,"162,283",
The Originals,03 Oct 2013,"Drama, Fantasy, Horror",45 min,8.2,"155,145",
Chuck,24 Sep 2007,"Action, Comedy, Drama",1 min,8.2,"150,696",
Malcolm in the Middle,09 Jan 2000,"Comedy, Family",22 min,8.2,"148,916",
White Collar,23 Oct 2009,"Comedy, Crime, Drama",17S min,8.2,"149,067",
Watchmen,06 Mar 2009,"Action, Drama, Mystery",162 min,7.6,"599,079","$107,509,799"
The Morning Show,01 Nov 2019,Drama,60 min,8.1,"139,376",
Penny Dreadful,28 Apr 2014,"Drama, Fantasy, Horror",60 min,8.2,"135,404",
Black Sails,25 Jan 2014,"Action, Adventure, Drama",56 min,8.2,"120,913",
SpongeBob SquarePants,01 May 1999,"Animation, Comedy, Family",23 min,8.2,"118,305",
Misfits,19 Jul 2012,"Comedy, Drama, Fantasy",55S min,8.2,"110,419",
Atypical,11 Aug 2017,"Comedy, Drama",30 min,8.2,"109,278",
Frasier,16 Sep 1993,Comedy,22 min,8.2,"99,355",
Bob's Burgers,09 Jan 2011,"Animation, Comedy",30S min,8.2,"97,683",
Skins,17 Jan 2011,Drama,1 min,8.2,"97,305",
My Hero Academia,05 May 2018,"Animation, Action, Adventure",24 min,8.2,"92,078",
Godless,22 Nov 2017,"Action, Drama, Western",452 min,8.2,"85,716",
Bleach,09 Sep 2006,"Animation, Action, Adventure",32S min,8.2,"82,523",
Master of None,06 Nov 2015,"Comedy, Drama",1 min,8.2,"77,688",
Paatal Lok,15 May 2020,"Crime, Drama, Thriller",2 min,8.1,"66,205",
Eastbound,17 Aug 2021,Documentary,N/A,N/A,N/A,N/A
Forever,22 Sep 2014,"Crime, Drama, Fantasy",21S min,8.2,"64,354",
Extras,25 Sep 2005,"Comedy, Drama",30 min,8.3,"61,940",
Blue Mountain State,11 Jan 2010,"Comedy, Sport",2 min,8.3,"60,672",
Grace and Frankie,08 May 2015,Comedy,30 min,8.2,"58,810",
Kingdom,25 Jan 2019,"Action, Drama, Horror",45 min,8.3,"59,345",
Hell on Wheels,06 Nov 2011,"Drama, Western",42 min,8.3,"58,101",
MythBusters,23 Jan 2003,"Documentary, Mystery, Reality-TV",44 min,8.3,"55,909",
Courage the Cowardly Dog,12 Nov 1999,"Animation, Adventure, Comedy",33S min,8.3,"54,354",
Spy x Family,09 Apr 2022,"Animation, Action, Comedy",N/A,8.3,"51,273",
Farzi,10 Feb 2023,"Crime, Drama, Thriller",N/A,8.3,"50,400",
The Young Pope,15 Jan 2017,Drama,546 min,8.3,"48,696",
The Daily Show,22 Jul 1996,"Comedy, News, Talk-Show",22 min,8.3,"48,565",
24: Live Another Day,05 May 2014,"Action, Crime, Drama",46 min,8.3,"47,084",
Columbo,15 Sep 1971,"Crime, Drama, Mystery",50S min,8.3,"45,039",
Longmire,03 Jun 2012,"Action, Crime, Drama",1 min,8.3,"41,671",
Farscape,19 Mar 1999,"Action, Adventure, Drama",1 min,8.3,"41,705",
Parenthood,02 Aug 1989,"Comedy, Drama",124 min,7.1,"56,122","$100,047,830"
Dragon Ball Super,07 Jan 2017,"Animation, Action, Adventure",28S min,8.3,"40,763",
Fauda,15 Feb 2015,"Action, Drama, Thriller",1 min,8.3,"40,009",
Poldark,21 Jun 2015,"Drama, Romance",60 min,8.3,"37,258",
Spider-Man: The Animated Series,19 Nov 1994,"Animation, Action, Adventure",43S min,8.4,"37,591",
Broad City,22 Jan 2014,Comedy,22 min,8.4,"37,405",
Halt and Catch Fire,01 Jun 2014,Drama,60 min,8.4,"36,785",
Babylon 5,22 Feb 1993,"Action, Adventure, Drama",2 min,8.4,"35,968",
Life,24 Mar 2017,"Horror, Sci-Fi, Thriller",104 min,6.6,"267,717","$30,234,022"
Years and Years,24 Jun 2019,"Drama, Sci-Fi",60 min,8.3,"35,728",
An Idiot Abroad,05 Sep 2010,"Documentary, Adventure, Comedy",43 min,8.3,"34,719",
Violet Evergarden,22 Aug 2020,"Animation, Drama, Family",24 min,8.4,"34,594",
Vincenzo,20 Feb 2021,"Action, Comedy, Crime",52S min,8.4,"32,524",
Bosch: Legacy,06 May 2022,"Crime, Drama",N/A,8.4,"34,304",
Unforgotten,08 Apr 2018,"Crime, Drama, Mystery",31S min,8.4,"32,750",
The Good Fight,19 Feb 2017,"Crime, Drama",2 min,8.3,"34,122",
Generation War,06 May 2014,"Action, Drama, History",270 min,8.4,"34,110",
Life on Mars,24 Jul 2006,"Crime, Drama, Mystery",1 min,8.4,"33,509",
Dandadan,13 Sep 2024,"Animation, Action, Adventure",N/A,8.4,"32,872",
Babylon Berlin,30 Jan 2018,"Crime, Drama, Thriller",45 min,8.4,"31,266",
The Killing,03 Apr 2011,"Crime, Drama, Mystery",45 min,8.3,"129,008",
Ethos,12 Nov 2020,Drama,2 min,8.4,"30,866",
Ghosts,07 Oct 2021,"Comedy, Fantasy",N/A,7.9,"40,623",
'Allo 'Allo!,30 Dec 1982,"Comedy, History, War",45 min,8.4,"27,553",
Inside Look: The People v. O.J. Simpson - American Crime Story,19 Jan 2016,"Documentary, Short",5 min,8.4,"27,410",
The Muppet Show,23 Apr 1977,"Comedy, Family, Musical",30 min,8.4,"26,826",
The Railway Men,18 Nov 2023,"Drama, History, Thriller",N/A,8.5,"25,273",
Jesus of Nazareth,03 Apr 1977,"Biography, Drama, History",3 min,8.5,"26,425",
Top Gear,20 Oct 2002,"Adventure, Sport, Talk-Show",1 min,8.7,"132,421",
The Mighty Boosh,18 May 2004,"Comedy, Fantasy, Musical",30 min,8.3,"24,803",
RuPaul's Drag Race,02 Feb 2009,"Game-Show, Reality-TV",63 min,8.5,"24,680",
Kaguya-sama: Love is War,12 Jan 2019,"Animation, Comedy, Romance",24 min,8.5,"24,121",
Anne of Green Gables,17 Feb 1986,"Drama, Family",199 min,8.5,"23,638",
Queer as Folk,03 Dec 2000,"Drama, Romance",2 min,8.5,"22,969",
The Eric Andre Show,20 May 2012,"Comedy, Talk-Show",11 min,8.6,"23,078",
Inside No. 9,13 Feb 2014,"Comedy, Crime, Drama",30 min,8.5,"22,394",
Queer Eye,07 Feb 2018,Reality-TV,45 min,8.5,"21,552",
Ghost in the Shell: Stand Alone Complex,07 Nov 2004,"Animation, Action, Crime",24 min,8.5,"21,783",
Smiling Friends,01 Apr 2020,"Animation, Short, Comedy",12 min,8.5,"21,375",
Rurouni Kenshin,17 Mar 2003,"Animation, Action, Adventure",24 min,8.5,"21,276",
Garth Marenghi's Darkplace,28 Jan 2004,"Comedy, Fantasy, Horror",22S min,8.5,"20,627",
TVF Tripling,28 Aug 2016,"Comedy, Drama",30 min,8.5,"20,781",
Kingdom,25 Jan 2019,"Action, Drama, Horror",45 min,8.3,"59,345",
Please Like Me,02 Aug 2013,"Comedy, Drama, Romance",29 min,8.5,"20,022",
Alfred Hitchcock Presents,02 Oct 1955,"Crime, Drama, Mystery",1 min,8.5,"19,969",
Bandish Bandits,04 Aug 2020,"Drama, Music, Romance",30 min,8.6,"17,854",
Foyle's War,02 Feb 2003,"Crime, Drama, Mystery",90 min,8.6,"19,297",
Barareh Nights,25 Oct 2005,Comedy,60 min,8.5,"16,280",
Through the Wormhole,09 Jun 2010,Documentary,60 min,8.6,"18,615",
Death's Game,15 Dec 2023,"Drama, Fantasy",N/A,8.5,"18,830",
Twenty Five Twenty One,12 Feb 2022,"Drama, Romance",N/A,8.6,"18,244",
Yes Minister,25 Feb 1980,Comedy,60 min,8.6,"17,697",
Kardes Payi,13 Feb 2014,"Comedy, Drama, Family",70 min,8.6,"16,955",
The Bureau,14 Dec 2016,"Drama, Thriller",N/A,8.7,"16,925",
Long Way Round,28 Oct 2004,"Documentary, Adventure",2 min,8.6,"15,600",
Homicide: Life on the Street,31 Jan 1993,"Crime, Drama, Mystery",34S min,8.7,"15,567",
Tear Along the Dotted Line,17 Nov 2021,"Animation, Comedy, Drama",1 min,8.6,"15,227",
How to with John Wilson,23 Oct 2020,"Documentary, Comedy",30 min,8.7,"15,248",
El Chavo del Ocho,27 Apr 1972,"Comedy, Family",30 min,8.7,"13,465",
Pew News,03 Feb 2018,"Comedy, News",15 min,8.8,"14,811",
The Return of Sherlock Holmes,05 Feb 1987,"Crime, Drama, Mystery",60 min,8.7,"13,686",
Fighting Spirit,04 Oct 2000,"Animation, Action, Comedy",20 min,8.8,"12,811",
Black Sun,22 Oct 2017,"Crime, Drama, Thriller",60 min,8.8,"12,622",
Not Me,12 Dec 2021,"Action, Crime, Romance",3 min,8.8,"12,345",
Tash ma Tash,11 Feb 1994,"Comedy, Drama",25 min,8.9,"10,755",
Harga,13 Apr 2021,Drama,N/A,8.9,"10,016",
Still Game,01 Nov 2015,Comedy,22S min,8.9,"9,769",
Farouk Omar,20 Jul 2012,"Biography, Drama, History",45 min,9.1,"9,493",
The Beatles Anthology,11 Nov 1995,"Documentary, Music",600 min,9.1,"9,545",
Vratice se rode,09 Nov 2007,"Comedy, Crime, Drama",55 min,9.1,"9,117",
Squid Game,17 Sep 2021,"Action, Drama, Mystery",N/A,8.0,"661,706",
Wednesday,23 Nov 2022,"Comedy, Crime, Fantasy",N/A,8.0,"416,486",
Lucifer,25 Jan 2016,"Crime, Drama, Fantasy",42 min,8.0,"375,571",
Orange Is the New Black,11 Jul 2013,"Comedy, Crime, Drama",59 min,8.0,"326,401",
The White Lotus,11 Jul 2021,"Comedy, Drama",N/A,8.0,"274,874",
Reacher,04 Feb 2022,"Action, Crime, Drama",1 min,8.0,"262,597",
The End of the F***ing World,24 Oct 2017,"Adventure, Comedy, Crime",25 min,8.0,"235,261",
Tom Clancy's Jack Ryan,31 Aug 2018,"Action, Crime, Drama",60 min,8.0,"185,097",
The Gentlemen,24 Jan 2020,"Action, Crime",113 min,7.8,"429,432","$36,471,795"
Bodyguard,24 Oct 2018,"Crime, Drama, Thriller",60 min,8.0,"160,109",
Beef,06 Apr 2023,"Comedy, Drama",N/A,8.0,"151,321",
Killing Eve,08 Apr 2018,"Action, Adventure, Drama",42 min,8.1,"146,305",
Law Abiding Citizen,16 Oct 2009,"Action, Crime, Drama",109 min,7.4,"334,044","$73,357,727"
The Fall,12 May 2013,"Crime, Drama, Thriller",21S min,8.1,"126,068",
Black Bird,08 Jul 2022,"Biography, Crime, Drama",N/A,8.1,"124,911",
Bates Motel,18 Mar 2013,"Drama, Horror, Mystery",30S min,8.1,"121,477",
Married... with Children,05 Apr 1987,Comedy,22 min,8.1,"114,890",
11.22.63,15 Feb 2016,"Drama, Mystery, Romance",60 min,8.1,"109,277",
Shrinking,27 Jan 2023,"Comedy, Drama",N/A,8.1,"98,556",
Monk,12 Jul 2002,"Comedy, Crime, Drama",44 min,8.1,"98,418",
The Tudors,01 Apr 2007,"Drama, History, Romance",60 min,8.1,"84,440",
For All Mankind,01 Nov 2019,"Drama, Sci-Fi",60 min,8.1,"79,342",
Resident Alien,27 Jan 2021,"Comedy, Drama, Mystery",44 min,8.1,"75,453",
Star Trek: Deep Space Nine,03 Jan 1993,"Action, Adventure, Drama",45 min,8.1,"73,417",
Stargate: Atlantis,16 Jul 2004,"Action, Adventure, Drama",1 min,8.1,"73,749",
Star Wars: Rebels,26 Sep 2014,"Animation, Action, Adventure",22 min,8.1,"63,289",
Daredevil: Born Again,04 Mar 2025,"Action, Crime, Drama",N/A,8.2,"60,920",
Phineas and Ferb,17 Aug 2007,"Animation, Short, Action",1 min,8.1,"60,263",
Ripley,04 Apr 2024,"Crime, Drama, Thriller",N/A,8.1,"61,019",
Dirk Gently's Holistic Detective Agency,22 Oct 2016,"Action, Adventure, Comedy",59S min,8.1,"58,805",
Goliath,14 Oct 2016,Drama,60 min,8.1,"59,606",
One Day,19 Aug 2011,"Drama, Romance",107 min,7.0,"172,632","$13,843,771"
The Great,15 May 2020,"Biography, Comedy, Drama",1 min,8.1,"59,402",
The Righteous Gemstones,18 Aug 2019,"Comedy, Drama",36 min,8.1,"56,108",
Workaholics,06 Apr 2011,Comedy,1 min,8.1,"57,244",
Parasyte: The Maxim,31 Dec 2016,"Animation, Action, Drama",22 min,8.3,"53,147",
Power,07 Jun 2014,"Crime, Drama",50 min,8.1,"55,861",
Taaza Khabar,06 Jan 2023,"Action, Comedy, Drama",N/A,8.1,"54,648",
Hacks,13 May 2021,"Comedy, Drama",N/A,8.2,"54,213",
The League,29 Oct 2009,"Comedy, Sport",22 min,8.2,"53,039",
The Promised Neverland,14 Apr 2019,"Animation, Action, Adventure",23 min,8.2,"52,514",
Tokyo Vice,07 Apr 2022,"Crime, Drama, Thriller",N/A,8.1,"52,799",
Jury Duty,07 Apr 2023,Comedy,N/A,8.2,"50,192",
The Golden Girls,14 Sep 1985,"Comedy, Drama",30 min,8.2,"50,119",
Final Space,26 Feb 2018,"Animation, Action, Adventure",30 min,8.2,"49,724",
Bad Sisters,19 Aug 2022,"Comedy, Drama, Thriller",N/A,8.2,"50,062",
Young Royals,01 Jul 2021,"Drama, Romance",N/A,8.2,"46,207",
Animal Kingdom,03 Jun 2010,"Crime, Drama, Thriller",113 min,7.2,"61,973","$1,044,039"
The Kominsky Method,16 Nov 2018,"Comedy, Drama",2 min,8.2,"45,712",
Abbott Elementary,07 Dec 2021,Comedy,N/A,8.2,"45,293",
Black Clover,03 Oct 2017,"Animation, Action, Adventure",24 min,8.2,"42,268",
Party Down,20 Mar 2009,"Comedy, Drama",30 min,8.2,"38,281",
Quantum Leap,26 Mar 1989,"Action, Adventure, Drama",60 min,8.2,"38,062",
The Glory,30 Dec 2022,"Drama, Mystery, Thriller",N/A,8.1,"37,163",
Dexter: Original Sin,13 Dec 2024,"Crime, Drama, Mystery",N/A,8.2,"35,739",
Victoria,11 Jun 2015,"Crime, Drama, Romance",138 min,7.6,"65,366",N/A
Rogue Heroes,30 Oct 2022,"Action, Drama, Thriller",N/A,8.2,"32,268",
Winning Time: The Rise of the Lakers Dynasty,06 Mar 2022,"Biography, Drama, Sport",N/A,8.3,"31,001",
The Dragon Prince,14 Sep 2018,"Animation, Action, Adventure",1 min,8.3,"30,492",
Time,17 Aug 2021,"Crime, Drama",N/A,8.2,"29,502",
Love Doesn't Understand Words,15 Jun 2016,"Comedy, Romance",68 min,8.2,"25,407",
College Romance,01 Oct 2019,"Comedy, Drama, Romance",2 min,8.3,"28,897",
Shetland,10 Mar 2013,"Crime, Drama, Mystery",60 min,8.3,"28,867",
Rescue Me,21 Jul 2004,"Comedy, Drama",42 min,8.3,"28,694",
Feud,05 Mar 2017,"Biography, Drama",406 min,8.3,"28,615",
Rectify,22 Apr 2013,Drama,1 min,8.3,"28,070",
Olive Kitteridge,02 Nov 2014,Drama,1 min,8.3,"27,018",
Key and Peele,31 Jan 2012,Comedy,30 min,8.3,"26,745",
Reservation Dogs,09 Aug 2021,"Comedy, Crime",N/A,8.3,"25,989",
Dragon Ball Z Kai,05 Apr 2009,"Animation, Action, Adventure",1 min,8.3,"25,721",
Studio 60 on the Sunset Strip,18 Sep 2006,"Comedy, Drama",44 min,8.3,"25,435",
Hometown Cha-Cha-Cha,28 Aug 2021,"Comedy, Drama, Romance",N/A,8.3,"23,184",
Gurren Lagann,01 Apr 2007,"Animation, Action, Adventure",24 min,8.3,"23,347",
Northern Exposure,12 Jul 1990,"Comedy, Drama",60 min,8.4,"23,560",
Invader ZIM,30 Mar 2001,"Animation, Action, Adventure",1 min,8.4,"23,309",
Welcome to Wrexham,24 Aug 2022,"Documentary, Reality-TV, Sport",N/A,8.3,"22,586",
Jane Eyre,22 Apr 2011,"Drama, Mystery, Romance",120 min,7.3,"94,702","$11,242,660"
Police Squad!,04 Mar 1982,"Comedy, Crime",24 min,8.4,"22,131",
Wayne,16 Jan 2019,"Action, Comedy, Drama",30 min,8.3,"21,722",
Doc Martin,01 Jan 2004,"Comedy, Drama, Romance",46 min,8.4,"21,588",
Kaiju No. 8,13 Apr 2024,"Animation, Action, Adventure",N/A,8.3,"21,830",
Heartland,14 Oct 2007,"Drama, Family",45 min,8.4,"21,102",
The Spectacular Spider-Man,01 Mar 2008,"Animation, Action, Adventure",1 min,8.4,"21,145",
This Is Going to Hurt,02 Jun 2022,"Biography, Comedy, Drama",N/A,8.4,"19,527",
Trollhunters: Tales of Arcadia,23 Dec 2016,"Animation, Action, Adventure",23 min,8.4,"20,188",
The New Batman Adventures,13 Sep 1997,"Animation, Action, Adventure",30 min,8.4,"20,093",
All in the Family,12 Jan 1971,"Comedy, Drama",N/A,8.4,"19,747",
Roots,23 Jan 1977,"Biography, Drama, History",588 min,8.4,"19,184",
My Mad Fat Diary,14 Jan 2013,"Comedy, Drama, Romance",47 min,8.4,"19,235",
The Andy Griffith Show,03 Oct 1960,"Comedy, Family",30 min,8.4,"18,038",
Horace and Pete,30 Jan 2016,"Comedy, Drama",67 min,8.5,"17,851",
Scenes from a Marriage,12 Sep 2021,Drama,N/A,8.1,"30,678",
Chef's Table,26 Apr 2015,"Documentary, Biography",50 min,8.5,"17,345",
The Ricky Gervais Show,19 Feb 2010,"Animation, Comedy, Talk-Show",30 min,8.4,"17,259",
Yu Yu Hakusho: Ghost Files,10 Oct 1992,"Animation, Action, Adventure",24 min,8.5,"17,250",
Broken But Beautiful,27 Nov 2018,"Drama, Romance",22 min,8.5,"17,221",
Flower of Evil,28 Jul 2020,"Crime, Mystery, Romance",31S min,8.5,"16,256",
Detective Conan,08 Jan 1996,"Animation, Action, Comedy",25 min,8.5,"16,575",
The Defiant Ones,27 Sep 1958,"Crime, Drama",96 min,7.6,"18,917",N/A
The Prisoner,01 Jun 1968,"Drama, Mystery, Sci-Fi",1 min,8.5,"15,437",
Pantheon,01 Sep 2022,"Animation, Action, Adventure",N/A,8.5,"16,041",
House of Cards,01 Feb 2013,Drama,51 min,8.6,"547,637",
Mushi-Shi,23 Oct 2005,"Animation, Drama, Fantasy",25 min,8.5,"15,428",
Summer Heights High,09 Nov 2008,"Comedy, Drama, Family",30 min,8.5,"15,399",
Hilda,21 Sep 2018,"Animation, Adventure, Drama",1 min,8.6,"15,159",
Mouse,01 Feb 2021,"Action, Crime, Mystery",1 min,8.6,"13,390",
The Apothecary Diaries,21 Oct 2023,"Animation, Drama, History",N/A,8.5,"14,611",
The Great British Baking Show,27 Dec 2014,"Game-Show, Reality-TV",1 min,8.6,"14,178",
Sixer,11 Nov 2022,"Drama, Sport",N/A,8.5,"14,185",
From the Earth to the Moon,05 Apr 1998,"Action, Drama, History",2 min,8.6,"13,523",
"Yes, Prime Minister",09 Jan 1986,Comedy,30 min,8.6,"13,484",
Moon Lovers: Scarlet Heart Ryeo,29 Aug 2016,"Action, Drama, Fantasy",60 min,8.6,"13,497",
Mr. Queen,15 Feb 2022,"Comedy, Fantasy, Romance",70 min,8.6,"11,939",
The Untamed,25 Jun 2019,"Action, Adventure, Drama",50 min,8.7,"11,351",
Greatest Events of WWII in Colour,24 Jun 2019,"Documentary, History, War",50 min,8.6,"11,729",
Content Cop,13 Dec 2015,"Comedy, Crime, Talk-Show",20 min,8.7,"12,619",
Mr. Sunshine,07 Jul 2018,"Action, Drama, Romance",1 min,8.7,"11,146",
Umbre,28 Dec 2014,"Crime, Drama, Thriller",1 min,8.7,"11,682",
Brass Eye,29 Jan 1997,Comedy,25 min,8.6,"12,156",
